date,regime,confidence,gated_regime,wf_regime,alloc_SP500,alloc_Bonds,alloc_Gold,alloc_Cash,strategy_ret,spy_ret
2020-01-02,Low-Vol,0.9945,Low-Vol,Low-Vol,0.7,0.2,0.1,0.0,0.00934,0.009352
2020-01-03,Low-Vol,0.9717,Low-Vol,Low-Vol,0.7,0.2,0.1,0.0,-0.000894,-0.007572
2020-01-06,Low-Vol,0.9926,Low-Vol,Low-Vol,0.7,0.2,0.1,0.0,0.002584,0.003815
2020-01-07,Low-Vol,0.9986,Low-Vol,Low-Vol,0.7,0.2,0.1,0.0,-0.002558,-0.002812
2020-01-08,Low-Vol,0.9998,Low-Vol,Low-Vol,0.7,0.2,0.1,0.0,0.001658,0.00533
2020-01-09,Low-Vol,1.0,Low-Vol,Low-Vol,0.7,0.2,0.1,0.0,0.004883,0.006781
2020-01-10,Low-Vol,1.0,Low-Vol,Low-Vol,0.7,0.2,0.1,0.0,0.000366,-0.002878
2020-01-13,Low-Vol,1.0,Low-Vol,Low-Vol,0.7,0.2,0.1,0.0,0.003466,0.006878
2020-01-14,Low-Vol,1.0,Low-Vol,Low-Vol,0.7,0.2,0.1,0.0,-0.000128,-0.001525
2020-01-15,Low-Vol,1.0,Low-Vol,Low-Vol,0.7,0.2,0.1,0.0,0.003492,0.00226
2020-01-16,Low-Vol,1.0,Low-Vol,Low-Vol,0.7,0.2,0.1,0.0,0.005036,0.008319
2020-01-17,Low-Vol,1.0,Low-Vol,Low-Vol,0.7,0.2,0.1,0.0,0.000654,0.003112
2020-01-21,Low-Vol,0.9998,Low-Vol,Low-Vol,0.7,0.2,0.1,0.0,0.000839,-0.001958
2020-01-22,Low-Vol,0.9986,Low-Vol,Low-Vol,0.7,0.2,0.1,0.0,0.000821,0.000121
2020-01-23,Low-Vol,0.9598,Low-Vol,Low-Vol,0.7,0.2,0.1,0.0,0.002428,0.001147
2020-01-24,Neutral,0.8739,Low-Vol,Low-Vol,0.7,0.2,0.1,0.0,-0.004023,-0.008893
2020-01-27,Macro,0.996,Low-Vol,Low-Vol,0.7,0.2,0.1,0.0,-0.007427,-0.016029
2020-01-28,Bull,0.685,Low-Vol,Low-Vol,0.7,0.2,0.1,0.0,0.004877,0.010479
2020-01-29,Bull,0.8006,Low-Vol,Low-Vol,0.7,0.2,0.1,0.0,0.001919,-0.000826
2020-01-30,Bull,0.8066,Bull,Low-Vol,1.0,0.0,0.0,0.0,0.003125,0.003245
2020-01-31,Macro,0.9745,Bull,Low-Vol,1.0,0.0,0.0,0.0,-0.018158,-0.018158
2020-02-03,Macro,0.5022,Bull,Low-Vol,1.0,0.0,0.0,0.0,0.007429,0.007429
2020-02-04,Bull,0.7143,Bull,Macro,1.0,0.0,0.0,0.0,0.015241,0.015241
2020-02-05,Bull,0.9034,Bull,Macro,1.0,0.0,0.0,0.0,0.011548,0.011548
2020-02-06,Bull,0.983,Bull,Macro,1.0,0.0,0.0,0.0,0.003365,0.003365
2020-02-07,Bull,0.9904,Bull,Macro,1.0,0.0,0.0,0.0,-0.00533,-0.00533
2020-02-10,Bull,0.9975,Bull,Bull,1.0,0.0,0.0,0.0,0.007466,0.007466
2020-02-11,Bull,0.9998,Bull,Bull,1.0,0.0,0.0,0.0,0.001733,0.001733
2020-02-12,Bull,0.9999,Bull,Bull,1.0,0.0,0.0,0.0,0.006443,0.006443
2020-02-13,Bull,0.9999,Bull,Bull,1.0,0.0,0.0,0.0,-0.001067,-0.001067
2020-02-14,Bull,0.9993,Bull,Bull,1.0,0.0,0.0,0.0,0.001602,0.001602
2020-02-18,Bull,0.9863,Bull,Bull,1.0,0.0,0.0,0.0,-0.002577,-0.002577
2020-02-19,Bull,0.931,Bull,Bull,1.0,0.0,0.0,0.0,0.004781,0.004781
2020-02-20,Macro,0.5459,Bull,Bull,1.0,0.0,0.0,0.0,-0.004108,-0.004108
2020-02-21,Macro,0.9987,Bull,Bull,1.0,0.0,0.0,0.0,-0.010298,-0.010298
2020-02-24,Macro,1.0,Macro,Bull,0.1,0.2,0.3,0.4,0.002085,-0.033166
2020-02-25,Macro,1.0,Macro,Macro,0.1,0.2,0.3,0.4,-0.007328,-0.030302
2020-02-26,Macro,1.0,Macro,Macro,0.1,0.2,0.3,0.4,-0.000116,-0.003679
2020-02-27,Macro,1.0,Macro,Macro,0.1,0.2,0.3,0.4,-0.002263,-0.044911
2020-02-28,Macro,1.0,Macro,Macro,0.1,0.2,0.3,0.4,-0.006851,-0.004202
2020-03-02,Macro,1.0,Macro,Macro,0.1,0.2,0.3,0.4,0.004517,0.043307
2020-03-03,Macro,1.0,Macro,Macro,0.1,0.2,0.3,0.4,0.009672,-0.028633
2020-03-04,Macro,1.0,Macro,Macro,0.1,0.2,0.3,0.4,0.002606,0.042033
2020-03-05,Macro,1.0,Macro,Macro,0.1,0.2,0.3,0.4,0.008134,-0.033242
2020-03-06,Macro,1.0,Macro,Macro,0.1,0.2,0.3,0.4,0.00887,-0.016531
2020-03-09,Macro,1.0,Macro,Macro,0.1,0.2,0.3,0.4,-0.001894,-0.078094
2020-03-10,Macro,1.0,Macro,Macro,0.1,0.2,0.3,0.4,-0.011408,0.051745
2020-03-11,Macro,1.0,Macro,Macro,0.1,0.2,0.3,0.4,-0.013302,-0.048749
2020-03-12,Macro,1.0,Macro,Macro,0.1,0.2,0.3,0.4,-0.020295,-0.095677
2020-03-13,Macro,1.0,Macro,Macro,0.1,0.2,0.3,0.4,-0.005127,0.085486
2020-03-16,Macro,1.0,Macro,Macro,0.1,0.2,0.3,0.4,-0.001423,-0.109424
2020-03-17,Macro,1.0,Macro,Macro,0.1,0.2,0.3,0.4,-0.003871,0.053992
2020-03-18,Macro,1.0,Macro,Macro,0.1,0.2,0.3,0.4,-0.022322,-0.050633
2020-03-19,Macro,1.0,Macro,Macro,0.1,0.2,0.3,0.4,-1.4e-05,0.002125
2020-03-20,Macro,1.0,Macro,Macro,0.1,0.2,0.3,0.4,0.015228,-0.043094
2020-03-23,Macro,1.0,Macro,Macro,0.1,0.2,0.3,0.4,0.018939,-0.025568
2020-03-24,Macro,1.0,Macro,Macro,0.1,0.2,0.3,0.4,0.019896,0.090603
2020-03-25,Macro,1.0,Macro,Macro,0.1,0.2,0.3,0.4,-0.003064,0.01497
2020-03-26,Macro,1.0,Macro,Macro,0.1,0.2,0.3,0.4,0.01067,0.05839
2020-03-27,Macro,1.0,Macro,Macro,0.1,0.2,0.3,0.4,0.000422,-0.029786
2020-03-30,Macro,1.0,Macro,Macro,0.1,0.2,0.3,0.4,0.002922,0.032476
2020-03-31,Macro,1.0,Macro,Macro,0.1,0.2,0.3,0.4,-0.012668,-0.014905
2020-04-01,Macro,1.0,Macro,Macro,0.1,0.2,0.3,0.4,0.001139,-0.045005
2020-04-02,Macro,1.0,Macro,Macro,0.1,0.2,0.3,0.4,0.008495,0.023075
2020-04-03,Macro,1.0,Macro,Macro,0.1,0.2,0.3,0.4,0.000512,-0.014454
2020-04-06,Macro,1.0,Macro,Macro,0.1,0.2,0.3,0.4,0.014507,0.067166
2020-04-07,Macro,1.0,Macro,Macro,0.1,0.2,0.3,0.4,-0.003599,0.001019
2020-04-08,Macro,1.0,Macro,Macro,0.1,0.2,0.3,0.4,-0.000771,0.033569
2020-04-09,Macro,1.0,Macro,Macro,0.1,0.2,0.3,0.4,0.009722,0.015217
2020-04-13,Macro,1.0,Macro,Macro,0.1,0.2,0.3,0.4,0.002403,-0.00913
2020-04-14,Macro,1.0,Macro,Macro,0.1,0.2,0.3,0.4,0.005261,0.029493
2020-04-15,Macro,1.0,Macro,Macro,0.1,0.2,0.3,0.4,0.001643,-0.021248
2020-04-16,Macro,1.0,Macro,Macro,0.1,0.2,0.3,0.4,0.002494,0.004824
2020-04-17,Macro,1.0,Macro,Macro,0.1,0.2,0.3,0.4,-0.005805,0.027016
2020-04-20,Macro,1.0,Macro,Macro,0.1,0.2,0.3,0.4,0.001985,-0.017618
2020-04-21,Macro,1.0,Macro,Macro,0.1,0.2,0.3,0.4,-0.002566,-0.030363
2020-04-22,Macro,1.0,Macro,Macro,0.1,0.2,0.3,0.4,0.006077,0.022195
2020-04-23,Macro,1.0,Macro,Macro,0.1,0.2,0.3,0.4,0.004041,-7.2e-05
2020-04-24,Macro,1.0,Macro,Macro,0.1,0.2,0.3,0.4,0.000578,0.013939
2020-04-27,Macro,1.0,Macro,Macro,0.1,0.2,0.3,0.4,-0.004273,0.014418
2020-04-28,Macro,1.0,Macro,Macro,0.1,0.2,0.3,0.4,0.000505,-0.004599
2020-04-29,Macro,1.0,Macro,Macro,0.1,0.2,0.3,0.4,0.00324,0.026179
2020-04-30,Macro,1.0,Macro,Macro,0.1,0.2,0.3,0.4,-0.008701,-0.00931
2020-05-01,Macro,1.0,Macro,Macro,0.1,0.2,0.3,0.4,0.000917,-0.026474
2020-05-04,Macro,1.0,Macro,Macro,0.1,0.2,0.3,0.4,0.000386,0.002758
2020-05-05,Macro,1.0,Macro,Macro,0.1,0.2,0.3,0.4,0.000916,0.009239
2020-05-06,Macro,1.0,Macro,Macro,0.1,0.2,0.3,0.4,-0.007762,-0.006779
2020-05-07,Macro,1.0,Macro,Macro,0.1,0.2,0.3,0.4,0.009153,0.012067
2020-05-08,Macro,1.0,Macro,Macro,0.1,0.2,0.3,0.4,-0.002749,0.016546
2020-05-11,Macro,1.0,Macro,Macro,0.1,0.2,0.3,0.4,-0.003411,0.000205
2020-05-12,Macro,1.0,Macro,Bull,0.1,0.2,0.3,0.4,0.001226,-0.019931
2020-05-13,Macro,1.0,Macro,Bull,0.1,0.2,0.3,0.4,0.002517,-0.017686
2020-05-14,Macro,1.0,Macro,Bull,0.1,0.2,0.3,0.4,0.005809,0.011968
2020-05-15,Macro,1.0,Macro,Bull,0.1,0.2,0.3,0.4,0.001638,0.004597
2020-05-18,Macro,1.0,Macro,Macro,0.1,0.2,0.3,0.4,-0.003614,0.03046
2020-05-19,Macro,1.0,Macro,Macro,0.1,0.2,0.3,0.4,0.002616,-0.010271
2020-05-20,Macro,1.0,Macro,Macro,0.1,0.2,0.3,0.4,0.00301,0.016988
2020-05-21,Macro,1.0,Macro,Bull,0.1,0.2,0.3,0.4,-0.004564,-0.006904
2020-05-22,Macro,1.0,Macro,Bull,0.1,0.2,0.3,0.4,0.003168,0.001899
2020-05-26,Macro,1.0,Macro,Bull,0.1,0.2,0.3,0.4,-0.005714,0.01232
2020-05-27,Macro,1.0,Macro,Bull,0.1,0.2,0.3,0.4,0.001661,0.014879
2020-05-28,Macro,1.0,Macro,Bull,0.1,0.2,0.3,0.4,8.4e-05,-0.001845
2020-05-29,Macro,1.0,Macro,Bull,0.1,0.2,0.3,0.4,0.004082,0.004456
2020-06-01,Macro,1.0,Macro,Bull,0.1,0.2,0.3,0.4,0.000439,0.004042
2020-06-02,Macro,1.0,Macro,Bull,0.1,0.2,0.3,0.4,-0.001842,0.00828
2020-06-03,Macro,1.0,Macro,Bull,0.1,0.2,0.3,0.4,-0.006864,0.013308
2020-06-04,Macro,1.0,Macro,Bull,0.1,0.2,0.3,0.4,-1e-06,-0.002626
2020-06-05,Macro,1.0,Macro,Bull,0.1,0.2,0.3,0.4,-0.004944,0.025629
2020-06-08,Macro,1.0,Macro,Bull,0.1,0.2,0.3,0.4,0.005224,0.012088
2020-06-09,Macro,1.0,Macro,Bull,0.1,0.2,0.3,0.4,0.004419,-0.007456
2020-06-10,Macro,1.0,Macro,Bull,0.1,0.2,0.3,0.4,0.006705,-0.00558
2020-06-11,Macro,1.0,Macro,Bull,0.1,0.2,0.3,0.4,-0.004149,-0.057649
2020-06-12,Macro,1.0,Macro,Bull,0.1,0.2,0.3,0.4,-0.000306,0.011976
2020-06-15,Macro,1.0,Macro,Macro,0.1,0.2,0.3,0.4,0.000509,0.009336
2020-06-16,Macro,1.0,Macro,Macro,0.1,0.2,0.3,0.4,-0.00129,0.019248
2020-06-17,Macro,1.0,Macro,Macro,0.1,0.2,0.3,0.4,0.000983,-0.004154
2020-06-18,Macro,1.0,Macro,Macro,0.1,0.2,0.3,0.4,0.001565,0.000385
2020-06-19,Macro,1.0,Macro,Macro,0.1,0.2,0.3,0.4,0.002899,-0.005715
2020-06-22,Macro,1.0,Macro,Macro,0.1,0.2,0.3,0.4,0.002605,0.006416
2020-06-23,Macro,1.0,Macro,Macro,0.1,0.2,0.3,0.4,0.001619,0.004604
2020-06-24,Macro,1.0,Macro,Macro,0.1,0.2,0.3,0.4,-0.001451,-0.025509
2020-06-25,Macro,1.0,Macro,Macro,0.1,0.2,0.3,0.4,0.001468,0.010721
2020-06-26,Macro,1.0,Macro,Macro,0.1,0.2,0.3,0.4,0.001105,-0.023751
2020-06-29,Macro,1.0,Macro,Macro,0.1,0.2,0.3,0.4,0.001003,0.014697
2020-06-30,Macro,1.0,Macro,Macro,0.1,0.2,0.3,0.4,0.001642,0.012809
2020-07-01,Macro,1.0,Macro,Macro,0.1,0.2,0.3,0.4,-0.001032,0.007005
2020-07-02,Macro,1.0,Macro,Bull,0.1,0.2,0.3,0.4,0.001407,0.005507
2020-07-06,Macro,1.0,Macro,Bull,0.1,0.2,0.3,0.4,0.002521,0.015437
2020-07-07,Macro,1.0,Macro,Bull,0.1,0.2,0.3,0.4,0.003673,-0.010314
2020-07-08,Macro,1.0,Macro,Bull,0.1,0.2,0.3,0.4,0.001829,0.007649
2020-07-09,Macro,1.0,Macro,Bull,0.1,0.2,0.3,0.4,0.001804,-0.005693
2020-07-10,Macro,1.0,Macro,Bull,0.1,0.2,0.3,0.4,-0.000762,0.01021
2020-07-13,Macro,1.0,Macro,Bull,0.1,0.2,0.3,0.4,0.000168,-0.008659
2020-07-14,Macro,1.0,Macro,Bull,0.1,0.2,0.3,0.4,0.002983,0.012959
2020-07-15,Macro,1.0,Macro,Bull,0.1,0.2,0.3,0.4,0.00025,0.009187
2020-07-16,Macro,1.0,Macro,Bull,0.1,0.2,0.3,0.4,-0.002215,-0.003294
2020-07-17,Macro,1.0,Macro,Bull,0.1,0.2,0.3,0.4,0.002342,0.002899
2020-07-20,Macro,1.0,Macro,Bull,0.1,0.2,0.3,0.4,0.002746,0.008082
2020-07-21,Macro,1.0,Macro,Bull,0.1,0.2,0.3,0.4,0.003948,0.002127
2020-07-22,Macro,1.0,Macro,Bull,0.1,0.2,0.3,0.4,0.005728,0.005692
2020-07-23,Macro,1.0,Macro,Bull,0.1,0.2,0.3,0.4,0.003791,-0.011931
2020-07-24,Macro,1.0,Macro,Bull,0.1,0.2,0.3,0.4,0.001918,-0.006441
2020-07-27,Macro,1.0,Macro,Bull,0.1,0.2,0.3,0.4,0.005913,0.007293
2020-07-28,Macro,1.0,Macro,Bull,0.1,0.2,0.3,0.4,0.003252,-0.006343
2020-07-29,Macro,1.0,Macro,Bull,0.1,0.2,0.3,0.4,0.003142,0.012298
2020-07-30,Macro,1.0,Macro,Bull,0.1,0.2,0.3,0.4,-0.001259,-0.003568
2020-07-31,Macro,1.0,Macro,Bull,0.1,0.2,0.3,0.4,0.003388,0.007902
2020-08-03,Macro,1.0,Macro,Bull,0.1,0.2,0.3,0.4,2.8e-05,0.006952
2020-08-04,Macro,1.0,Macro,Bull,0.1,0.2,0.3,0.4,0.008676,0.003862
2020-08-05,Macro,1.0,Macro,Bull,0.1,0.2,0.3,0.4,0.001658,0.006211
2020-08-06,Macro,1.0,Macro,Bull,0.1,0.2,0.3,0.4,0.005768,0.006685
2020-08-07,Macro,1.0,Macro,Bull,0.1,0.2,0.3,0.4,-0.006027,0.000718
2020-08-10,Macro,1.0,Macro,Bull,0.1,0.2,0.3,0.4,-0.001634,0.002989
2020-08-11,Macro,1.0,Macro,Bull,0.1,0.2,0.3,0.4,-0.019311,-0.008254
2020-08-12,Macro,1.0,Macro,Bull,0.1,0.2,0.3,0.4,-0.001825,0.013942
2020-08-13,Macro,1.0,Macro,Bull,0.1,0.2,0.3,0.4,0.004767,-0.001808
2020-08-14,Macro,1.0,Macro,Bull,0.1,0.2,0.3,0.4,-0.002071,3e-05
2020-08-17,Macro,1.0,Macro,Bull,0.1,0.2,0.3,0.4,0.007328,0.003176
2020-08-18,Macro,1.0,Macro,Bull,0.1,0.2,0.3,0.4,0.004349,0.00216
2020-08-19,Macro,1.0,Macro,Bull,0.1,0.2,0.3,0.4,-0.011136,-0.004164
2020-08-20,Macro,1.0,Macro,Bull,0.1,0.2,0.3,0.4,0.004193,0.003114
2020-08-21,Macro,1.0,Macro,Bull,0.1,0.2,0.3,0.4,-0.00085,0.003547
2020-08-24,Macro,1.0,Macro,Bull,0.1,0.2,0.3,0.4,-0.001009,0.010133
2020-08-25,Macro,1.0,Macro,Bull,0.1,0.2,0.3,0.4,-0.000816,0.003499
2020-08-26,Macro,1.0,Macro,Bull,0.1,0.2,0.3,0.4,0.00378,0.010026
2020-08-27,Macro,1.0,Macro,Bull,0.1,0.2,0.3,0.4,-0.006652,0.002187
2020-08-28,Macro,1.0,Macro,Bull,0.1,0.2,0.3,0.4,0.005711,0.006459
2020-08-31,Macro,1.0,Macro,Bull,0.1,0.2,0.3,0.4,0.001682,-0.003622
2020-09-01,Macro,1.0,Macro,Bull,0.1,0.2,0.3,0.4,0.003587,0.009418
2020-09-02,Macro,1.0,Macro,Bull,0.1,0.2,0.3,0.4,-0.000589,0.014464
2020-09-03,Macro,1.0,Macro,Bull,0.1,0.2,0.3,0.4,-0.005304,-0.034415
2020-09-04,Macro,1.0,Macro,Bull,0.1,0.2,0.3,0.4,-0.003786,-0.008164
2020-09-08,Macro,1.0,Macro,Bull,0.1,0.2,0.3,0.4,-0.002082,-0.027323
2020-09-09,Macro,1.0,Macro,Bull,0.1,0.2,0.3,0.4,0.00435,0.019748
2020-09-10,Macro,1.0,Macro,Bull,0.1,0.2,0.3,0.4,-0.001687,-0.017364
2020-09-11,Macro,1.0,Macro,Bull,0.1,0.2,0.3,0.4,0.000461,0.000509
2020-09-14,Macro,1.0,Macro,Bull,0.1,0.2,0.3,0.4,0.003673,0.013171
2020-09-15,Macro,1.0,Macro,Bull,0.1,0.2,0.3,0.4,-0.000699,0.005052
2020-09-16,Macro,1.0,Macro,Bull,0.1,0.2,0.3,0.4,-0.000144,-0.003968
2020-09-17,Macro,1.0,Macro,Bull,0.1,0.2,0.3,0.4,-0.001915,-0.008796
2020-09-18,Macro,1.0,Macro,Bull,0.1,0.2,0.3,0.4,-0.001379,-0.011513
2020-09-21,Macro,1.0,Macro,Bull,0.1,0.2,0.3,0.4,-0.006124,-0.011129
2020-09-22,Macro,1.0,Macro,Bull,0.1,0.2,0.3,0.4,-0.000594,0.010184
2020-09-23,Macro,1.0,Macro,Bull,0.1,0.2,0.3,0.4,-0.008533,-0.02319
2020-09-24,Macro,1.0,Macro,Bull,0.1,0.2,0.3,0.4,0.002148,0.002665
2020-09-25,Macro,1.0,Macro,Bull,0.1,0.2,0.3,0.4,0.000762,0.016167
2020-09-28,Macro,1.0,Macro,Bull,0.1,0.2,0.3,0.4,0.00411,0.016609
2020-09-29,Macro,1.0,Macro,Bull,0.1,0.2,0.3,0.4,0.002216,-0.005446
2020-09-30,Macro,1.0,Macro,Bull,0.1,0.2,0.3,0.4,-0.00296,0.007582
2020-10-01,Macro,1.0,Macro,Bull,0.1,0.2,0.3,0.4,0.003648,0.00642
2020-10-02,Macro,1.0,Macro,Bull,0.1,0.2,0.3,0.4,-0.001965,-0.009494
2020-10-05,Macro,1.0,Macro,Bull,0.1,0.2,0.3,0.4,-0.000673,0.017733
2020-10-06,Macro,1.0,Macro,Bull,0.1,0.2,0.3,0.4,-0.003872,-0.014216
2020-10-07,Macro,1.0,Macro,Bull,0.1,0.2,0.3,0.4,0.000147,0.017407
2020-10-08,Macro,1.0,Macro,Bull,0.1,0.2,0.3,0.4,0.003033,0.008862
2020-10-09,Macro,1.0,Macro,Bull,0.1,0.2,0.3,0.4,0.006304,0.00893
2020-10-12,Macro,1.0,Macro,Bull,0.1,0.2,0.3,0.4,0.001384,0.016087
2020-10-13,Macro,1.0,Macro,Bull,0.1,0.2,0.3,0.4,-0.003939,-0.006526
2020-10-14,Macro,1.0,Macro,Bull,0.1,0.2,0.3,0.4,0.000758,-0.006283
2020-10-15,Macro,1.0,Macro,Bull,0.1,0.2,0.3,0.4,0.000625,-0.001236
2020-10-16,Macro,1.0,Macro,Bull,0.1,0.2,0.3,0.4,-0.001656,-0.000604
2020-10-19,Macro,1.0,Macro,Bull,0.1,0.2,0.3,0.4,-0.002125,-0.015203
2020-10-20,Macro,1.0,Macro,Bull,0.1,0.2,0.3,0.4,-5.6e-05,0.004006
2020-10-21,Macro,1.0,Macro,Bull,0.1,0.2,0.3,0.4,0.001379,-0.001893
2020-10-22,Macro,1.0,Macro,Bull,0.1,0.2,0.3,0.4,-0.004471,0.005485
2020-10-23,Macro,1.0,Macro,Bull,0.1,0.2,0.3,0.4,0.001243,0.003395
2020-10-26,Macro,1.0,Macro,Bull,0.1,0.2,0.3,0.4,-0.000139,-0.01848
2020-10-27,Macro,1.0,Macro,Bull,0.1,0.2,0.3,0.4,0.001787,-0.003447
2020-10-28,Macro,1.0,Macro,Bull,0.1,0.2,0.3,0.4,-0.008074,-0.034179
2020-10-29,Macro,1.0,Macro,Bull,0.1,0.2,0.3,0.4,-0.002168,0.010163
2020-10-30,Macro,1.0,Macro,Macro,0.1,0.2,0.3,0.4,-0.001647,-0.010425
2020-11-02,Macro,1.0,Macro,Macro,0.1,0.2,0.3,0.4,0.00553,0.011208
2020-11-03,Macro,1.0,Macro,Macro,0.1,0.2,0.3,0.4,0.002308,0.017656
2020-11-04,Macro,1.0,Macro,Bull,0.1,0.2,0.3,0.4,0.006406,0.022349
2020-11-05,Macro,1.0,Macro,Bull,0.1,0.2,0.3,0.4,0.009193,0.019503
2020-11-06,Macro,1.0,Macro,Bull,0.1,0.2,0.3,0.4,-0.002013,-0.000228
2020-11-09,Macro,1.0,Macro,Bull,0.1,0.2,0.3,0.4,-0.016228,0.012565
2020-11-10,Macro,1.0,Macro,Bull,0.1,0.2,0.3,0.4,-0.000306,-0.001466
2020-11-11,Macro,1.0,Macro,Bull,0.1,0.2,0.3,0.4,0.000167,0.007429
2020-11-12,Macro,1.0,Macro,Bull,0.1,0.2,0.3,0.4,0.004252,-0.009701
2020-11-13,Macro,1.0,Macro,Bull,0.1,0.2,0.3,0.4,0.003165,0.013844
2020-11-16,Macro,1.0,Macro,Bull,0.1,0.2,0.3,0.4,0.000751,0.012483
2020-11-17,Macro,1.0,Macro,Bull,0.1,0.2,0.3,0.4,-0.000333,-0.005378
2020-11-18,Macro,1.0,Macro,Bull,0.1,0.2,0.3,0.4,-0.002341,-0.012035
2020-11-19,Macro,1.0,Macro,Bull,0.1,0.2,0.3,0.4,0.000887,0.00421
2020-11-20,Macro,1.0,Macro,Bull,0.1,0.2,0.3,0.4,0.001997,-0.006848
2020-11-23,Macro,1.0,Macro,Bull,0.1,0.2,0.3,0.4,-0.006225,0.005994
2020-11-24,Macro,1.0,Macro,Bull,0.1,0.2,0.3,0.4,-0.004978,0.016114
2020-11-25,Macro,1.0,Macro,Bull,0.1,0.2,0.3,0.4,-0.000911,-0.001542
2020-11-27,Macro,1.0,Macro,Bull,0.1,0.2,0.3,0.4,-0.000825,0.002785
2020-11-30,Macro,1.0,Macro,Bull,0.1,0.2,0.3,0.4,-0.002695,-0.004427
2020-12-01,Macro,1.0,Macro,Bull,0.1,0.2,0.3,0.4,0.004463,0.010937
2020-12-02,Macro,1.0,Macro,Bull,0.1,0.2,0.3,0.4,0.00088,0.002104
2020-12-03,Macro,1.0,Macro,Bull,0.1,0.2,0.3,0.4,0.003948,-0.000273
2020-12-04,Macro,1.0,Macro,Bull,0.1,0.2,0.3,0.4,-0.002922,0.008618
2020-12-07,Macro,1.0,Macro,Bull,0.1,0.2,0.3,0.4,0.006073,-0.002055
2020-12-08,Macro,1.0,Macro,Bull,0.1,0.2,0.3,0.4,0.002284,0.002926
2020-12-09,Macro,1.0,Macro,Bull,0.1,0.2,0.3,0.4,-0.006686,-0.008969
2020-12-10,Macro,1.0,Macro,Bull,0.1,0.2,0.3,0.4,0.001166,-0.000327
2020-12-11,Macro,1.0,Macro,Bull,0.1,0.2,0.3,0.4,0.001148,-0.001172
2020-12-14,Macro,1.0,Macro,Bull,0.1,0.2,0.3,0.4,-0.002654,-0.004478
2020-12-15,Macro,1.0,Macro,Bull,0.1,0.2,0.3,0.4,0.00488,0.01352
2020-12-16,Macro,1.0,Macro,Bull,0.1,0.2,0.3,0.4,0.00128,0.001569
2020-12-17,Macro,1.0,Macro,Bull,0.1,0.2,0.3,0.4,0.003186,0.005592
2020-12-18,Macro,1.0,Macro,Bull,0.1,0.2,0.3,0.4,-0.001508,-0.003993
2020-12-21,Macro,1.0,Macro,Bull,0.1,0.2,0.3,0.4,-0.000517,-0.003576
2020-12-22,Macro,1.0,Macro,Bull,0.1,0.2,0.3,0.4,-0.001507,-0.001686
2020-12-23,Macro,1.0,Macro,Bull,0.1,0.2,0.3,0.4,0.000702,0.000899
2020-12-24,Macro,1.0,Macro,Bull,0.1,0.2,0.3,0.4,0.002376,0.00389
2020-12-28,Macro,1.0,Macro,Bull,0.1,0.2,0.3,0.4,-0.000141,0.008591
2020-12-29,Macro,1.0,Macro,Bull,0.1,0.2,0.3,0.4,0.000648,-0.001908
2020-12-30,Macro,1.0,Macro,Bull,0.1,0.2,0.3,0.4,0.002872,0.001427
2020-12-31,Macro,1.0,Macro,Bull,0.1,0.2,0.3,0.4,0.001914,0.005081
2021-01-04,Macro,1.0,Macro,Bull,0.1,0.2,0.3,0.4,0.005075,-0.013614
2021-01-05,Macro,1.0,Macro,Bull,0.1,0.2,0.3,0.4,9.2e-05,0.006887
2021-01-06,Macro,1.0,Macro,Bull,0.1,0.2,0.3,0.4,-0.00838,0.005979
2021-01-07,Macro,1.0,Macro,Bull,0.1,0.2,0.3,0.4,-0.000978,0.014857
2021-01-08,Macro,1.0,Macro,Bull,0.1,0.2,0.3,0.4,-0.010339,0.005698
2021-01-11,Macro,1.0,Macro,Bull,0.1,0.2,0.3,0.4,-0.001593,-0.006741
2021-01-12,Macro,1.0,Macro,Bull,0.1,0.2,0.3,0.4,0.001804,0.000211
2021-01-13,Macro,1.0,Macro,Bull,0.1,0.2,0.3,0.4,0.001229,0.002693
2021-01-14,Macro,1.0,Macro,Bull,0.1,0.2,0.3,0.4,-0.002379,-0.003502
2021-01-15,Macro,1.0,Macro,Bull,0.1,0.2,0.3,0.4,-0.003658,-0.007293
2021-01-19,Macro,1.0,Macro,Bull,0.1,0.2,0.3,0.4,0.003973,0.007852
2021-01-20,Macro,1.0,Macro,Bull,0.1,0.2,0.3,0.4,0.006465,0.013839
2021-01-21,Macro,1.0,Macro,Bull,0.1,0.2,0.3,0.4,-0.001501,0.000912
2021-01-22,Macro,1.0,Macro,Bull,0.1,0.2,0.3,0.4,-0.002069,-0.00354
2021-01-25,Macro,1.0,Macro,Bull,0.1,0.2,0.3,0.4,0.00301,0.003944
2021-01-26,Macro,1.0,Macro,Bull,0.1,0.2,0.3,0.4,-0.001275,-0.001561
2021-01-27,Macro,1.0,Macro,Bull,0.1,0.2,0.3,0.4,-0.003836,-0.024441
2021-01-28,Macro,1.0,Macro,Bull,0.1,0.2,0.3,0.4,3.3e-05,0.0086
2021-01-29,Macro,1.0,Macro,Bull,0.1,0.2,0.3,0.4,-0.003327,-0.02002
2021-02-01,Macro,1.0,Macro,Bull,0.1,0.2,0.3,0.4,0.004712,0.016645
2021-02-02,Macro,1.0,Macro,Bull,0.1,0.2,0.3,0.4,-0.003526,0.01414
2021-02-03,Macro,1.0,Macro,Bull,0.1,0.2,0.3,0.4,-0.002149,0.000786
2021-02-04,Macro,1.0,Macro,Bull,0.1,0.2,0.3,0.4,-0.005857,0.011366
2021-02-05,Macro,1.0,Macro,Bull,0.1,0.2,0.3,0.4,0.001681,0.003936
2021-02-08,Macro,1.0,Macro,Bull,0.1,0.2,0.3,0.4,0.004622,0.007222
2021-02-09,Macro,1.0,Macro,Bull,0.1,0.2,0.3,0.4,0.001061,-0.000666
2021-02-10,Macro,1.0,Macro,Bull,0.1,0.2,0.3,0.4,0.002386,-0.000436
2021-02-11,Macro,1.0,Macro,Bull,0.1,0.2,0.3,0.4,-0.003539,0.001615
2021-02-12,Macro,1.0,Macro,Bull,0.1,0.2,0.3,0.4,-0.002901,0.00494
2021-02-16,Macro,1.0,Macro,Bull,0.1,0.2,0.3,0.4,-0.007438,-0.000866
2021-02-17,Macro,1.0,Macro,Bull,0.1,0.2,0.3,0.4,-0.002113,0.000229
2021-02-18,Macro,1.0,Macro,Bull,0.1,0.2,0.3,0.4,-0.001253,-0.004256
2021-02-19,Macro,1.0,Macro,Bull,0.1,0.2,0.3,0.4,-0.00159,-0.001766
2021-02-22,Macro,1.0,Macro,Bull,0.1,0.2,0.3,0.4,0.0022,-0.007692
2021-02-23,Macro,1.0,Macro,Bull,0.1,0.2,0.3,0.4,-0.001145,0.001215
2021-02-24,Macro,1.0,Macro,Bull,0.1,0.2,0.3,0.4,-0.000423,0.011019
2021-02-25,Macro,1.0,Macro,Bull,0.1,0.2,0.3,0.4,-0.011321,-0.024096
2021-02-26,Macro,1.0,Macro,Bull,0.1,0.2,0.3,0.4,-0.001158,-0.005152
2021-03-01,Macro,1.0,Macro,Bull,0.1,0.2,0.3,0.4,-0.000737,0.02424
2021-03-02,Macro,1.0,Macro,Bull,0.1,0.2,0.3,0.4,0.000868,-0.007803
2021-03-03,Macro,1.0,Macro,Bull,0.1,0.2,0.3,0.4,-0.0068,-0.013246
2021-03-04,Macro,1.0,Macro,Bull,0.1,0.2,0.3,0.4,-0.005478,-0.012375
2021-03-05,Macro,1.0,Macro,Bull,0.1,0.2,0.3,0.4,0.002418,0.018397
2021-03-08,Macro,1.0,Macro,Bull,0.1,0.2,0.3,0.4,-0.005163,-0.004979
2021-03-09,Macro,1.0,Macro,Bull,0.1,0.2,0.3,0.4,0.010581,0.014278
2021-03-10,Macro,1.0,Macro,Bull,0.1,0.2,0.3,0.4,0.002553,0.006224
2021-03-11,Macro,1.0,Macro,Bull,0.1,0.2,0.3,0.4,-0.000689,0.010139
2021-03-12,Macro,1.0,Macro,Bull,0.1,0.2,0.3,0.4,-0.004165,0.001347
2021-03-15,Macro,1.0,Macro,Bull,0.1,0.2,0.3,0.4,0.003091,0.005963
2021-03-16,Macro,1.0,Macro,Bull,0.1,0.2,0.3,0.4,-0.000652,-0.001261
2021-03-17,Macro,1.0,Macro,Bull,0.1,0.2,0.3,0.4,0.000988,0.00341
2021-03-18,Macro,1.0,Macro,Bull,0.1,0.2,0.3,0.4,-0.005223,-0.01455
2021-03-19,Macro,1.0,Macro,Bull,0.1,0.2,0.3,0.4,0.002309,-0.00185
2021-03-22,Macro,1.0,Macro,Bull,0.1,0.2,0.3,0.4,0.002599,0.007985
2021-03-23,Macro,1.0,Macro,Bull,0.1,0.2,0.3,0.4,-0.001172,-0.007871
2021-03-24,Macro,1.0,Macro,Bull,0.1,0.2,0.3,0.4,0.001606,-0.005083
2021-03-25,Macro,1.0,Macro,Bull,0.1,0.2,0.3,0.4,-0.002105,0.005625
2021-03-26,Macro,0.9999,Macro,Bull,0.1,0.2,0.3,0.4,0.001765,0.016115
2021-03-29,Macro,0.9931,Macro,Bull,0.1,0.2,0.3,0.4,-0.005317,-0.000505
2021-03-30,Macro,0.7496,Macro,Bull,0.1,0.2,0.3,0.4,-0.004345,-0.002653
2021-03-31,Neutral,0.572,Macro,Bull,0.1,0.2,0.3,0.4,0.00384,0.004053
2021-04-01,Neutral,0.9925,Macro,Bull,0.1,0.2,0.3,0.4,0.008188,0.010799
2021-04-05,Neutral,0.9997,Neutral,Bull,0.6,0.3,0.1,0.0,0.007106,0.014353
2021-04-06,Neutral,1.0,Neutral,Bull,0.6,0.3,0.1,0.0,0.002486,-0.000591
2021-04-07,Neutral,1.0,Neutral,Bull,0.6,0.3,0.1,0.0,-0.001677,0.001157
2021-04-08,Neutral,1.0,Neutral,Bull,0.6,0.3,0.1,0.0,0.0064,0.004747
2021-04-09,Neutral,1.0,Neutral,Neutral,0.6,0.3,0.1,0.0,0.002521,0.00727
2021-04-12,Neutral,1.0,Neutral,Neutral,0.6,0.3,0.1,0.0,-0.000519,0.000364
2021-04-13,Neutral,1.0,Neutral,Neutral,0.6,0.3,0.1,0.0,0.004735,0.002964
2021-04-14,Neutral,1.0,Neutral,Neutral,0.6,0.3,0.1,0.0,-0.003437,-0.003415
2021-04-15,Neutral,1.0,Neutral,Neutral,0.6,0.3,0.1,0.0,0.013082,0.010742
2021-04-16,Neutral,1.0,Neutral,Neutral,0.6,0.3,0.1,0.0,0.00028,0.003342
2021-04-19,Neutral,1.0,Neutral,Neutral,0.6,0.3,0.1,0.0,-0.004086,-0.004913
2021-04-20,Neutral,0.9999,Neutral,Neutral,0.6,0.3,0.1,0.0,-0.002655,-0.007322
2021-04-21,Neutral,1.0,Neutral,Neutral,0.6,0.3,0.1,0.0,0.00727,0.009462
2021-04-22,Neutral,0.9999,Neutral,Neutral,0.6,0.3,0.1,0.0,-0.004819,-0.009133
2021-04-23,Neutral,1.0,Neutral,Neutral,0.6,0.3,0.1,0.0,0.005417,0.010842
2021-04-26,Neutral,1.0,Neutral,Neutral,0.6,0.3,0.1,0.0,0.001089,0.002088
2021-04-27,Neutral,1.0,Neutral,Neutral,0.6,0.3,0.1,0.0,-0.002998,-0.000216
2021-04-28,Neutral,1.0,Neutral,Neutral,0.6,0.3,0.1,0.0,0.000317,-0.000287
2021-04-29,Neutral,1.0,Neutral,Neutral,0.6,0.3,0.1,0.0,0.002524,0.006373
2021-04-30,Neutral,1.0,Neutral,Neutral,0.6,0.3,0.1,0.0,-0.003585,-0.006571
2021-05-03,Neutral,1.0,Neutral,Neutral,0.6,0.3,0.1,0.0,0.002772,0.002157
2021-05-04,Neutral,0.9997,Neutral,Neutral,0.6,0.3,0.1,0.0,-0.002399,-0.006169
2021-05-05,Neutral,0.9998,Neutral,Neutral,0.6,0.3,0.1,0.0,0.001097,0.000313
2021-05-06,Neutral,0.9995,Neutral,Neutral,0.6,0.3,0.1,0.0,0.006953,0.007986
2021-05-07,Neutral,0.9977,Neutral,Neutral,0.6,0.3,0.1,0.0,0.003787,0.007278
2021-05-10,Neutral,0.6214,Neutral,Neutral,0.6,0.3,0.1,0.0,-0.008677,-0.009902
2021-05-11,Macro,0.9989,Neutral,Neutral,0.6,0.3,0.1,0.0,-0.007035,-0.008925
2021-05-12,Macro,1.0,Neutral,Bull,0.6,0.3,0.1,0.0,-0.016893,-0.021245
2021-05-13,Macro,1.0,Macro,Bull,0.1,0.2,0.3,0.4,0.002583,0.012013
2021-05-14,Macro,0.997,Macro,Bull,0.1,0.2,0.3,0.4,0.006141,0.015355
2021-05-17,Macro,0.9972,Macro,Bull,0.1,0.2,0.3,0.4,0.002814,-0.002544
2021-05-18,Macro,0.9999,Macro,Bull,0.1,0.2,0.3,0.4,-0.000789,-0.008616
2021-05-19,Macro,0.9997,Macro,Bull,0.1,0.2,0.3,0.4,-0.00054,-0.002622
2021-05-20,Macro,0.733,Macro,Bull,0.1,0.2,0.3,0.4,0.004092,0.010758
2021-05-21,Neutral,0.9584,Macro,Bull,0.1,0.2,0.3,0.4,0.000696,-0.000819
2021-05-24,Neutral,0.9999,Macro,Bull,0.1,0.2,0.3,0.4,0.002289,0.010194
2021-05-25,Neutral,1.0,Neutral,Bull,0.6,0.3,0.1,0.0,0.002195,-0.002219
2021-05-26,Neutral,1.0,Neutral,Bull,0.6,0.3,0.1,0.0,0.0005,0.001984
2021-05-27,Neutral,1.0,Neutral,Bull,0.6,0.3,0.1,0.0,-0.000852,0.000525
2021-05-28,Neutral,1.0,Neutral,Bull,0.6,0.3,0.1,0.0,0.000974,0.001789
2021-06-01,Neutral,1.0,Neutral,Neutral,0.6,0.3,0.1,0.0,-0.000865,-0.000881
2021-06-02,Neutral,1.0,Neutral,Neutral,0.6,0.3,0.1,0.0,0.002127,0.001573
2021-06-03,Neutral,1.0,Neutral,Neutral,0.6,0.3,0.1,0.0,-0.005311,-0.003711
2021-06-04,Neutral,1.0,Neutral,Neutral,0.6,0.3,0.1,0.0,0.010674,0.009146
2021-06-07,Neutral,1.0,Neutral,Neutral,0.6,0.3,0.1,0.0,-0.001103,-0.00097
2021-06-08,Neutral,1.0,Neutral,Neutral,0.6,0.3,0.1,0.0,0.001927,0.000213
2021-06-09,Neutral,1.0,Neutral,Neutral,0.6,0.3,0.1,0.0,0.001562,-0.001492
2021-06-10,Neutral,1.0,Neutral,Neutral,0.6,0.3,0.1,0.0,0.005018,0.004649
2021-06-11,Neutral,1.0,Neutral,Neutral,0.6,0.3,0.1,0.0,-0.000618,0.001652
2021-06-14,Neutral,1.0,Neutral,Neutral,0.6,0.3,0.1,0.0,-0.00154,0.002239
2021-06-15,Neutral,1.0,Neutral,Neutral,0.6,0.3,0.1,0.0,-0.001839,-0.001834
2021-06-16,Neutral,1.0,Neutral,Neutral,0.6,0.3,0.1,0.0,-0.005294,-0.005583
2021-06-17,Neutral,0.9979,Neutral,Neutral,0.6,0.3,0.1,0.0,0.001218,-0.000332
2021-06-18,Macro,0.9974,Neutral,Neutral,0.6,0.3,0.1,0.0,-0.003007,-0.01349
2021-06-21,Macro,0.6937,Neutral,Neutral,0.6,0.3,0.1,0.0,0.004792,0.014316
2021-06-22,Bull,0.9926,Neutral,Neutral,0.6,0.3,0.1,0.0,0.003521,0.005346
2021-06-23,Bull,0.9998,Neutral,Neutral,0.6,0.3,0.1,0.0,-0.001562,-0.001205
2021-06-24,Bull,0.9999,Bull,Neutral,1.0,0.0,0.0,0.0,0.005756,0.005916
2021-06-25,Bull,0.9999,Bull,Neutral,1.0,0.0,0.0,0.0,0.003552,0.003552
2021-06-28,Bull,0.9999,Bull,Neutral,1.0,0.0,0.0,0.0,0.002016,0.002016
2021-06-29,Bull,0.9999,Bull,Neutral,1.0,0.0,0.0,0.0,0.000538,0.000538
2021-06-30,Bull,0.9999,Bull,Neutral,1.0,0.0,0.0,0.0,0.000842,0.000842
2021-07-01,Bull,1.0,Bull,Neutral,1.0,0.0,0.0,0.0,0.005537,0.005537
2021-07-02,Bull,1.0,Bull,Neutral,1.0,0.0,0.0,0.0,0.007643,0.007643
2021-07-06,Bull,1.0,Bull,Neutral,1.0,0.0,0.0,0.0,-0.001821,-0.001821
2021-07-07,Bull,0.9999,Bull,Neutral,1.0,0.0,0.0,0.0,0.003534,0.003534
2021-07-08,Bull,0.9898,Bull,Neutral,1.0,0.0,0.0,0.0,-0.008148,-0.008148
2021-07-09,Bull,0.9998,Bull,Neutral,1.0,0.0,0.0,0.0,0.010675,0.010675
2021-07-12,Bull,1.0,Bull,Neutral,1.0,0.0,0.0,0.0,0.003582,0.003582
2021-07-13,Bull,1.0,Bull,Neutral,1.0,0.0,0.0,0.0,-0.003409,-0.003409
2021-07-14,Bull,0.9998,Bull,Neutral,1.0,0.0,0.0,0.0,0.001492,0.001492
2021-07-15,Bull,0.9831,Bull,Neutral,1.0,0.0,0.0,0.0,-0.003415,-0.003415
2021-07-16,Macro,0.5638,Bull,Neutral,1.0,0.0,0.0,0.0,-0.007844,-0.007844
2021-07-19,Macro,1.0,Bull,Neutral,1.0,0.0,0.0,0.0,-0.014768,-0.014768
2021-07-20,Macro,0.992,Macro,Neutral,0.1,0.2,0.3,0.4,-0.001164,0.01433
2021-07-21,Bull,0.8231,Macro,Neutral,0.1,0.2,0.3,0.4,-0.00284,0.008096
2021-07-22,Bull,0.9861,Macro,Neutral,0.1,0.2,0.3,0.4,0.002687,0.002094
2021-07-23,Bull,0.9978,Bull,Neutral,1.0,0.0,0.0,0.0,0.010008,0.010288
2021-07-26,Bull,0.997,Bull,Neutral,1.0,0.0,0.0,0.0,0.002455,0.002455
2021-07-27,Bull,0.9837,Bull,Neutral,1.0,0.0,0.0,0.0,-0.004557,-0.004557
2021-07-28,Bull,0.9903,Bull,Neutral,1.0,0.0,0.0,0.0,-0.00041,-0.00041
2021-07-29,Bull,0.9914,Bull,Neutral,1.0,0.0,0.0,0.0,0.004147,0.004147
2021-07-30,Bull,0.979,Bull,Neutral,1.0,0.0,0.0,0.0,-0.004856,-0.004856
2021-08-02,Bull,0.9575,Bull,Neutral,1.0,0.0,0.0,0.0,-0.002098,-0.002098
2021-08-03,Bull,0.9824,Bull,Neutral,1.0,0.0,0.0,0.0,0.008136,0.008136
2021-08-04,Bull,0.9933,Bull,Neutral,1.0,0.0,0.0,0.0,-0.004919,-0.004919
2021-08-05,Bull,0.9993,Bull,Neutral,1.0,0.0,0.0,0.0,0.006333,0.006333
2021-08-06,Bull,1.0,Bull,Neutral,1.0,0.0,0.0,0.0,0.001652,0.001652
2021-08-09,Bull,1.0,Bull,Neutral,1.0,0.0,0.0,0.0,-0.000814,-0.000814
2021-08-10,Bull,1.0,Bull,Neutral,1.0,0.0,0.0,0.0,0.001244,0.001244
2021-08-11,Bull,1.0,Bull,Neutral,1.0,0.0,0.0,0.0,0.002485,0.002485
2021-08-12,Bull,1.0,Bull,Neutral,1.0,0.0,0.0,0.0,0.002997,0.002997
2021-08-13,Bull,1.0,Bull,Neutral,1.0,0.0,0.0,0.0,0.00182,0.00182
2021-08-16,Bull,0.9978,Bull,Neutral,1.0,0.0,0.0,0.0,0.002355,0.002355
2021-08-17,Bull,0.7248,Bull,Neutral,1.0,0.0,0.0,0.0,-0.006555,-0.006555
2021-08-18,Macro,1.0,Bull,Neutral,1.0,0.0,0.0,0.0,-0.010945,-0.010945
2021-08-19,Macro,1.0,Bull,Neutral,1.0,0.0,0.0,0.0,0.001548,0.001548
2021-08-20,Macro,0.722,Macro,Neutral,0.1,0.2,0.3,0.4,0.000811,0.007957
2021-08-23,Neutral,0.8825,Macro,Neutral,0.1,0.2,0.3,0.4,0.0044,0.008796
2021-08-24,Neutral,0.994,Macro,Neutral,0.1,0.2,0.3,0.4,-0.001539,0.001587
2021-08-25,Neutral,0.9992,Neutral,Neutral,0.6,0.3,0.1,0.0,-0.002087,0.002098
2021-08-26,Neutral,0.9992,Neutral,Neutral,0.6,0.3,0.1,0.0,-0.002598,-0.005903
2021-08-27,Neutral,1.0,Neutral,Neutral,0.6,0.3,0.1,0.0,0.008909,0.008941
2021-08-30,Neutral,1.0,Neutral,Neutral,0.6,0.3,0.1,0.0,0.002928,0.004398
2021-08-31,Neutral,1.0,Neutral,Neutral,0.6,0.3,0.1,0.0,-0.00273,-0.001481
2021-09-01,Neutral,1.0,Neutral,Neutral,0.6,0.3,0.1,0.0,0.000827,0.000531
2021-09-02,Neutral,1.0,Neutral,Neutral,0.6,0.3,0.1,0.0,0.002891,0.003077
2021-09-03,Neutral,1.0,Neutral,Neutral,0.6,0.3,0.1,0.0,-0.001805,-0.000243
2021-09-07,Neutral,1.0,Neutral,Neutral,0.6,0.3,0.1,0.0,-0.006634,-0.003576
2021-09-08,Neutral,1.0,Neutral,Neutral,0.6,0.3,0.1,0.0,0.00106,-0.001218
2021-09-09,Neutral,0.9939,Neutral,Neutral,0.6,0.3,0.1,0.0,0.001504,-0.00428
2021-09-10,Neutral,0.9523,Neutral,Neutral,0.6,0.3,0.1,0.0,-0.007881,-0.007884
2021-09-13,Neutral,0.9722,Neutral,Neutral,0.6,0.3,0.1,0.0,0.00369,0.002559
2021-09-14,Neutral,0.9736,Neutral,Neutral,0.6,0.3,0.1,0.0,0.001043,-0.005396
2021-09-15,Neutral,0.9725,Neutral,Neutral,0.6,0.3,0.1,0.0,0.003373,0.008353
2021-09-16,Neutral,0.8984,Neutral,Neutral,0.6,0.3,0.1,0.0,-0.00459,-0.001585
2021-09-17,Macro,0.9595,Neutral,Neutral,0.6,0.3,0.1,0.0,-0.007444,-0.009741
2021-09-20,Macro,1.0,Neutral,Neutral,0.6,0.3,0.1,0.0,-0.00557,-0.016674
2021-09-21,Macro,1.0,Macro,Neutral,0.1,0.2,0.3,0.4,0.001574,-0.000945
2021-09-22,Macro,1.0,Macro,Bull,0.1,0.2,0.3,0.4,0.001048,0.009755
2021-09-23,Macro,0.9993,Macro,Bull,0.1,0.2,0.3,0.4,-0.006768,0.01215
2021-09-24,Macro,0.9949,Macro,Bull,0.1,0.2,0.3,0.4,-0.002175,0.001647
2021-09-27,Macro,0.999,Macro,Bull,0.1,0.2,0.3,0.4,-0.000397,-0.002861
2021-09-28,Macro,1.0,Macro,Bull,0.1,0.2,0.3,0.4,-0.008046,-0.020152
2021-09-29,Macro,1.0,Macro,Bull,0.1,0.2,0.3,0.4,-0.000836,0.001683
2021-09-30,Macro,1.0,Macro,Bull,0.1,0.2,0.3,0.4,0.004143,-0.012222
2021-10-01,Macro,1.0,Macro,Bull,0.1,0.2,0.3,0.4,0.003547,0.011884
2021-10-04,Macro,1.0,Macro,Bull,0.1,0.2,0.3,0.4,-0.000395,-0.012896
2021-10-05,Macro,1.0,Macro,Bull,0.1,0.2,0.3,0.4,-0.002288,0.010405
2021-10-06,Macro,1.0,Macro,Bull,0.1,0.2,0.3,0.4,0.002346,0.004156
2021-10-07,Macro,1.0,Macro,Bull,0.1,0.2,0.3,0.4,-0.002809,0.008646
2021-10-08,Macro,1.0,Macro,Bull,0.1,0.2,0.3,0.4,-0.001454,-0.001824
2021-10-11,Macro,1.0,Macro,Bull,0.1,0.2,0.3,0.4,-0.001798,-0.00724
2021-10-12,Macro,1.0,Macro,Bull,0.1,0.2,0.3,0.4,0.004528,-0.002461
2021-10-13,Macro,0.9899,Macro,Bull,0.1,0.2,0.3,0.4,0.007643,0.003597
2021-10-14,Macro,0.8518,Macro,Bull,0.1,0.2,0.3,0.4,0.003159,0.016821
2021-10-15,Neutral,0.7553,Macro,Bull,0.1,0.2,0.3,0.4,-0.005172,0.007616
2021-10-18,Neutral,0.9953,Macro,Bull,0.1,0.2,0.3,0.4,0.00049,0.002961
2021-10-19,Neutral,0.9998,Neutral,Bull,0.6,0.3,0.1,0.0,0.000652,0.007715
2021-10-20,Neutral,1.0,Neutral,Bull,0.6,0.3,0.1,0.0,0.001208,0.003928
2021-10-21,Neutral,1.0,Neutral,Neutral,0.6,0.3,0.1,0.0,0.001118,0.002608
2021-10-22,Neutral,1.0,Neutral,Neutral,0.6,0.3,0.1,0.0,0.003294,-0.001036
2021-10-25,Neutral,1.0,Neutral,Neutral,0.6,0.3,0.1,0.0,0.003451,0.005363
2021-10-26,Neutral,0.9999,Neutral,Neutral,0.6,0.3,0.1,0.0,0.002281,0.0009
2021-10-27,Neutral,0.9919,Neutral,Neutral,0.6,0.3,0.1,0.0,0.003062,-0.00443
2021-10-28,Neutral,0.8214,Neutral,Neutral,0.6,0.3,0.1,0.0,0.00475,0.009649
2021-10-29,Bull,0.7283,Neutral,Neutral,0.6,0.3,0.1,0.0,0.001284,0.002029
2021-11-01,Bull,0.9561,Neutral,Neutral,0.6,0.3,0.1,0.0,-0.000606,0.00172
2021-11-02,Bull,0.9857,Bull,Neutral,1.0,0.0,0.0,0.0,0.003883,0.004043
2021-11-03,Bull,0.9922,Bull,Neutral,1.0,0.0,0.0,0.0,0.006105,0.006105
2021-11-04,Bull,0.9894,Bull,Neutral,1.0,0.0,0.0,0.0,0.004712,0.004712
2021-11-05,Bull,0.9832,Bull,Neutral,1.0,0.0,0.0,0.0,0.00347,0.00347
2021-11-08,Bull,0.9627,Bull,Neutral,1.0,0.0,0.0,0.0,0.000854,0.000854
2021-11-09,Bull,0.7712,Bull,Neutral,1.0,0.0,0.0,0.0,-0.003305,-0.003305
2021-11-10,Neutral,0.9761,Bull,Neutral,1.0,0.0,0.0,0.0,-0.008045,-0.008045
2021-11-11,Neutral,0.9976,Bull,Neutral,1.0,0.0,0.0,0.0,0.000324,0.000324
2021-11-12,Neutral,0.9999,Neutral,Neutral,0.6,0.3,0.1,0.0,0.00324,0.007547
2021-11-15,Neutral,1.0,Neutral,Neutral,0.6,0.3,0.1,0.0,-0.003717,0.000342
2021-11-16,Neutral,1.0,Neutral,Neutral,0.6,0.3,0.1,0.0,0.000888,0.003958
2021-11-17,Neutral,1.0,Neutral,Neutral,0.6,0.3,0.1,0.0,0.001834,-0.002429
2021-11-18,Neutral,1.0,Neutral,Neutral,0.6,0.3,0.1,0.0,0.002845,0.003396
2021-11-19,Neutral,0.9993,Neutral,Neutral,0.6,0.3,0.1,0.0,0.00133,-0.001788
2021-11-22,Neutral,0.987,Neutral,Neutral,0.6,0.3,0.1,0.0,-0.007449,-0.002815
2021-11-23,Neutral,0.9726,Neutral,Neutral,0.6,0.3,0.1,0.0,-0.004408,0.001326
2021-11-24,Neutral,0.9534,Neutral,Neutral,0.6,0.3,0.1,0.0,0.006323,0.00267
2021-11-26,Macro,1.0,Neutral,Neutral,0.6,0.3,0.1,0.0,-0.005963,-0.022303
2021-11-29,Macro,1.0,Neutral,Neutral,0.6,0.3,0.1,0.0,0.004811,0.012267
2021-11-30,Macro,1.0,Macro,Neutral,0.1,0.2,0.3,0.4,-0.001082,-0.019458
2021-12-01,Macro,1.0,Macro,Neutral,0.1,0.2,0.3,0.4,0.00132,-0.011107
2021-12-02,Macro,1.0,Macro,Neutral,0.1,0.2,0.3,0.4,0.00012,0.015316
2021-12-03,Macro,1.0,Macro,Neutral,0.1,0.2,0.3,0.4,0.00404,-0.008701
2021-12-06,Macro,1.0,Macro,Neutral,0.1,0.2,0.3,0.4,-0.002301,0.011843
2021-12-07,Macro,1.0,Macro,Bull,0.1,0.2,0.3,0.4,0.001517,0.020685
2021-12-08,Macro,1.0,Macro,Bull,0.1,0.2,0.3,0.4,-0.00303,0.002648
2021-12-09,Macro,1.0,Macro,Bull,0.1,0.2,0.3,0.4,-0.00139,-0.006752
2021-12-10,Macro,1.0,Macro,Bull,0.1,0.2,0.3,0.4,0.001725,0.009414
2021-12-13,Macro,1.0,Macro,Bull,0.1,0.2,0.3,0.4,0.002826,-0.008858
2021-12-14,Macro,1.0,Macro,Bull,0.1,0.2,0.3,0.4,-0.003967,-0.00688
2021-12-15,Macro,1.0,Macro,Bull,0.1,0.2,0.3,0.4,0.000926,0.015625
2021-12-16,Macro,1.0,Macro,Bull,0.1,0.2,0.3,0.4,0.002825,-0.008819
2021-12-17,Macro,1.0,Macro,Bull,0.1,0.2,0.3,0.4,0.00056,-0.010643
2021-12-20,Macro,1.0,Macro,Bull,0.1,0.2,0.3,0.4,-0.003831,-0.010634
2021-12-21,Macro,1.0,Macro,Bull,0.1,0.2,0.3,0.4,0.000889,0.017759
2021-12-22,Macro,1.0,Macro,Bull,0.1,0.2,0.3,0.4,0.004745,0.009999
2021-12-23,Macro,1.0,Macro,Bull,0.1,0.2,0.3,0.4,-0.000437,0.006222
2021-12-27,Macro,1.0,Macro,Bull,0.1,0.2,0.3,0.4,0.00261,0.014152
2021-12-28,Macro,1.0,Macro,Bull,0.1,0.2,0.3,0.4,-0.002167,-0.000817
2021-12-29,Macro,1.0,Macro,Bull,0.1,0.2,0.3,0.4,-0.002146,0.001279
2021-12-30,Macro,0.9999,Macro,Bull,0.1,0.2,0.3,0.4,0.003554,-0.002765
2021-12-31,Macro,0.9994,Macro,Bull,0.1,0.2,0.3,0.4,0.00219,-0.00252
2022-01-03,Macro,0.9982,Macro,Bull,0.1,0.2,0.3,0.4,-0.009286,0.00579
2022-01-04,Macro,0.9982,Macro,Bull,0.1,0.2,0.3,0.4,0.001345,-0.000335
2022-01-05,Macro,1.0,Macro,Bull,0.1,0.2,0.3,0.4,-0.003908,-0.019202
2022-01-06,Macro,1.0,Macro,Bull,0.1,0.2,0.3,0.4,-0.003249,-0.00094
2022-01-07,Macro,1.0,Macro,Bull,0.1,0.2,0.3,0.4,-0.000468,-0.003953
2022-01-10,Macro,1.0,Macro,Bull,0.1,0.2,0.3,0.4,0.00128,-0.001245
2022-01-11,Macro,0.9999,Macro,Bull,0.1,0.2,0.3,0.4,0.005863,0.009108
2022-01-12,Macro,0.9995,Macro,Bull,0.1,0.2,0.3,0.4,0.000297,0.002703
2022-01-13,Macro,1.0,Macro,Bull,0.1,0.2,0.3,0.4,-0.000621,-0.013779
2022-01-14,Macro,1.0,Macro,Bull,0.1,0.2,0.3,0.4,-0.003845,0.000409
2022-01-18,Macro,1.0,Macro,Bull,0.1,0.2,0.3,0.4,-0.005081,-0.017709
2022-01-19,Macro,1.0,Macro,Bull,0.1,0.2,0.3,0.4,0.005111,-0.010384
2022-01-20,Macro,1.0,Macro,Bull,0.1,0.2,0.3,0.4,-0.000623,-0.011068
2022-01-21,Macro,1.0,Macro,Bull,0.1,0.2,0.3,0.4,-0.000561,-0.019631
2022-01-24,Macro,1.0,Macro,Bull,0.1,0.2,0.3,0.4,0.00043,0.004247
2022-01-25,Macro,1.0,Macro,Bull,0.1,0.2,0.3,0.4,-0.000585,-0.012209
2022-01-26,Macro,1.0,Macro,Bull,0.1,0.2,0.3,0.4,-0.00752,-0.002509
2022-01-27,Macro,1.0,Macro,Bull,0.1,0.2,0.3,0.4,-0.000691,-0.004938
2022-01-28,Macro,1.0,Macro,Bull,0.1,0.2,0.3,0.4,0.001658,0.024835
2022-01-31,Macro,1.0,Macro,Bull,0.1,0.2,0.3,0.4,0.002544,0.018011
2022-02-01,Macro,1.0,Macro,Bull,0.1,0.2,0.3,0.4,0.000262,0.006757
2022-02-02,Macro,1.0,Macro,Bull,0.1,0.2,0.3,0.4,0.002737,0.009714
2022-02-03,Macro,1.0,Macro,Bull,0.1,0.2,0.3,0.4,-0.004338,-0.023505
2022-02-04,Macro,1.0,Macro,Bull,0.1,0.2,0.3,0.4,-0.002016,0.004702
2022-02-07,Macro,1.0,Macro,Bull,0.1,0.2,0.3,0.4,0.002029,-0.003209
2022-02-08,Macro,1.0,Macro,Bull,0.1,0.2,0.3,0.4,0.000403,0.008228
2022-02-09,Macro,1.0,Macro,Bull,0.1,0.2,0.3,0.4,0.00286,0.014636
2022-02-10,Macro,1.0,Macro,Bull,0.1,0.2,0.3,0.4,-0.006114,-0.017966
2022-02-11,Macro,1.0,Macro,Bull,0.1,0.2,0.3,0.4,0.00671,-0.019719
2022-02-14,Macro,1.0,Macro,Bull,0.1,0.2,0.3,0.4,-0.00121,-0.003269
2022-02-15,Macro,1.0,Macro,Bull,0.1,0.2,0.3,0.4,-0.003508,0.016127
2022-02-16,Macro,1.0,Macro,Bull,0.1,0.2,0.3,0.4,0.004383,0.001121
2022-02-17,Macro,1.0,Macro,Bull,0.1,0.2,0.3,0.4,0.003452,-0.021362
2022-02-18,Macro,1.0,Macro,Bull,0.1,0.2,0.3,0.4,0.001238,-0.006475
2022-02-22,Macro,1.0,Macro,Bull,0.1,0.2,0.3,0.4,7.4e-05,-0.010732
2022-02-23,Macro,1.0,Macro,Bull,0.1,0.2,0.3,0.4,-0.003178,-0.017739
2022-02-24,Macro,1.0,Macro,Bull,0.1,0.2,0.3,0.4,-0.000299,0.015049
2022-02-25,Macro,1.0,Macro,Bull,0.1,0.2,0.3,0.4,0.001353,0.022064
2022-02-28,Macro,1.0,Macro,Bull,0.1,0.2,0.3,0.4,0.007237,-0.002559
2022-03-01,Macro,1.0,Macro,Bull,0.1,0.2,0.3,0.4,0.006238,-0.01523
2022-03-02,Macro,1.0,Macro,Bull,0.1,0.2,0.3,0.4,-0.008119,0.018396
2022-03-03,Macro,1.0,Macro,Bull,0.1,0.2,0.3,0.4,0.003325,-0.004978
2022-03-04,Macro,1.0,Macro,Bull,0.1,0.2,0.3,0.4,0.007419,-0.008125
2022-03-07,Macro,1.0,Macro,Bull,0.1,0.2,0.3,0.4,-1.5e-05,-0.029479
2022-03-08,Macro,1.0,Macro,Bull,0.1,0.2,0.3,0.4,0.005438,-0.007582
2022-03-09,Macro,1.0,Macro,Bull,0.1,0.2,0.3,0.4,-0.008192,0.026811
2022-03-10,Macro,1.0,Macro,Bull,0.1,0.2,0.3,0.4,-0.002389,-0.004515
2022-03-11,Macro,1.0,Macro,Bull,0.1,0.2,0.3,0.4,-0.00271,-0.012715
2022-03-14,Macro,1.0,Macro,Bull,0.1,0.2,0.3,0.4,-0.009923,-0.007308
2022-03-15,Macro,1.0,Macro,Bull,0.1,0.2,0.3,0.4,-0.003762,0.02199
2022-03-16,Macro,1.0,Macro,Bull,0.1,0.2,0.3,0.4,0.006057,0.022174
2022-03-17,Macro,1.0,Macro,Bull,0.1,0.2,0.3,0.4,0.001227,0.012511
2022-03-18,Macro,1.0,Macro,Bull,0.1,0.2,0.3,0.4,0.000901,0.010953
2022-03-21,Macro,1.0,Macro,Bull,0.1,0.2,0.3,0.4,-0.002368,-0.000292
2022-03-22,Macro,1.0,Macro,Bull,0.1,0.2,0.3,0.4,-0.003567,0.011701
2022-03-23,Macro,1.0,Macro,Bull,0.1,0.2,0.3,0.4,0.007193,-0.012879
2022-03-24,Macro,1.0,Macro,Bull,0.1,0.2,0.3,0.4,0.002119,0.015074
2022-03-25,Macro,1.0,Macro,Bull,0.1,0.2,0.3,0.4,-0.003515,0.004884
2022-03-28,Macro,1.0,Macro,Bull,0.1,0.2,0.3,0.4,-0.00304,0.007113
2022-03-29,Macro,1.0,Macro,Bull,0.1,0.2,0.3,0.4,0.002882,0.012371
2022-03-30,Macro,1.0,Macro,Bull,0.1,0.2,0.3,0.4,0.003354,-0.006175
2022-03-31,Macro,1.0,Macro,Bull,0.1,0.2,0.3,0.4,-0.000937,-0.015391
2022-04-01,Macro,1.0,Macro,Bull,0.1,0.2,0.3,0.4,-0.000865,0.002834
2022-04-04,Macro,1.0,Macro,Bull,0.1,0.2,0.3,0.4,0.000921,0.008566
2022-04-05,Macro,1.0,Macro,Bull,0.1,0.2,0.3,0.4,-0.007661,-0.012631
2022-04-06,Macro,1.0,Macro,Bull,0.1,0.2,0.3,0.4,-0.001916,-0.009999
2022-04-07,Macro,1.0,Macro,Bull,0.1,0.2,0.3,0.4,0.000133,0.005039
2022-04-08,Macro,1.0,Macro,Bull,0.1,0.2,0.3,0.4,-0.000554,-0.002674
2022-04-11,Macro,1.0,Macro,Bull,0.1,0.2,0.3,0.4,-0.003386,-0.017092
2022-04-12,Macro,1.0,Macro,Bull,0.1,0.2,0.3,0.4,0.001656,-0.003705
2022-04-13,Macro,1.0,Macro,Bull,0.1,0.2,0.3,0.4,0.002988,0.011454
2022-04-14,Macro,1.0,Macro,Bull,0.1,0.2,0.3,0.4,-0.006245,-0.012452
2022-04-18,Macro,1.0,Macro,Bull,0.1,0.2,0.3,0.4,-2.4e-05,0.000411
2022-04-19,Macro,1.0,Macro,Bull,0.1,0.2,0.3,0.4,-0.004418,0.016143
2022-04-20,Macro,1.0,Macro,Bull,0.1,0.2,0.3,0.4,0.00542,-0.000742
2022-04-21,Macro,1.0,Macro,Bull,0.1,0.2,0.3,0.4,-0.004042,-0.014953
2022-04-22,Macro,1.0,Macro,Bull,0.1,0.2,0.3,0.4,-0.006919,-0.027439
2022-04-25,Macro,1.0,Macro,Bull,0.1,0.2,0.3,0.4,-0.002811,0.005798
2022-04-26,Macro,1.0,Macro,Bull,0.1,0.2,0.3,0.4,-0.000425,-0.028961
2022-04-27,Macro,1.0,Macro,Bull,0.1,0.2,0.3,0.4,-0.004551,0.002812
2022-04-28,Macro,1.0,Macro,Bull,0.1,0.2,0.3,0.4,0.004443,0.025259
2022-04-29,Macro,1.0,Macro,Bull,0.1,0.2,0.3,0.4,-0.006324,-0.036956
2022-05-02,Macro,1.0,Macro,Bull,0.1,0.2,0.3,0.4,-0.008427,0.006019
2022-05-03,Macro,1.0,Macro,Bull,0.1,0.2,0.3,0.4,0.002602,0.004584
2022-05-04,Macro,1.0,Macro,Bull,0.1,0.2,0.3,0.4,0.007094,0.030453
2022-05-05,Macro,1.0,Macro,Bull,0.1,0.2,0.3,0.4,-0.010177,-0.035543
2022-05-06,Macro,1.0,Macro,Bull,0.1,0.2,0.3,0.4,-0.003047,-0.005969
2022-05-09,Macro,1.0,Macro,Bull,0.1,0.2,0.3,0.4,-0.005786,-0.032017
2022-05-10,Macro,1.0,Macro,Bull,0.1,0.2,0.3,0.4,-0.000489,0.002311
2022-05-11,Macro,1.0,Macro,Bull,0.1,0.2,0.3,0.4,0.004716,-0.015886
2022-05-12,Macro,1.0,Macro,Bull,0.1,0.2,0.3,0.4,-0.005078,-0.001044
2022-05-13,Macro,1.0,Macro,Bull,0.1,0.2,0.3,0.4,-0.002998,0.023908
2022-05-16,Macro,1.0,Macro,Bull,0.1,0.2,0.3,0.4,0.002249,-0.004058
2022-05-17,Macro,1.0,Macro,Bull,0.1,0.2,0.3,0.4,-0.002243,0.020571
2022-05-18,Macro,1.0,Macro,Bull,0.1,0.2,0.3,0.4,0.000392,-0.040312
2022-05-19,Macro,1.0,Macro,Bull,0.1,0.2,0.3,0.4,0.004276,-0.006125
2022-05-20,Macro,1.0,Macro,Bull,0.1,0.2,0.3,0.4,0.002523,0.000436
2022-05-23,Macro,1.0,Macro,Bull,0.1,0.2,0.3,0.4,-2.5e-05,0.01871
2022-05-24,Macro,1.0,Macro,Bull,0.1,0.2,0.3,0.4,0.00544,-0.007634
2022-05-25,Macro,1.0,Macro,Bull,0.1,0.2,0.3,0.4,-0.000135,0.008835
2022-05-26,Macro,1.0,Macro,Bull,0.1,0.2,0.3,0.4,0.000538,0.019981
2022-05-27,Macro,1.0,Macro,Bull,0.1,0.2,0.3,0.4,0.0031,0.024549
2022-05-31,Macro,1.0,Macro,Bull,0.1,0.2,0.3,0.4,-0.007762,-0.005611
2022-06-01,Macro,1.0,Macro,Bull,0.1,0.2,0.3,0.4,0.000873,-0.008089
2022-06-02,Macro,1.0,Macro,Bull,0.1,0.2,0.3,0.4,0.0057,0.019044
2022-06-03,Macro,1.0,Macro,Bull,0.1,0.2,0.3,0.4,-0.005117,-0.016412
2022-06-06,Macro,1.0,Macro,Bull,0.1,0.2,0.3,0.4,-0.004705,0.003045
2022-06-07,Macro,1.0,Macro,Bull,0.1,0.2,0.3,0.4,0.005075,0.009592
2022-06-08,Macro,1.0,Macro,Bull,0.1,0.2,0.3,0.4,-0.003137,-0.010872
2022-06-09,Macro,1.0,Macro,Bull,0.1,0.2,0.3,0.4,-0.002667,-0.023783
2022-06-10,Macro,1.0,Macro,Bull,0.1,0.2,0.3,0.4,-0.000116,-0.028996
2022-06-13,Macro,1.0,Macro,Bull,0.1,0.2,0.3,0.4,-0.017996,-0.037968
2022-06-14,Macro,1.0,Macro,Bull,0.1,0.2,0.3,0.4,-0.005225,-0.003013
2022-06-15,Macro,1.0,Macro,Bull,0.1,0.2,0.3,0.4,0.009072,0.014256
2022-06-16,Macro,1.0,Macro,Bull,0.1,0.2,0.3,0.4,0.001651,-0.033096
2022-06-17,Macro,1.0,Macro,Bull,0.1,0.2,0.3,0.4,-0.001607,0.002156
2022-06-21,Macro,1.0,Macro,Bull,0.1,0.2,0.3,0.4,-0.001994,0.025174
2022-06-22,Macro,1.0,Macro,Bull,0.1,0.2,0.3,0.4,0.006514,-0.001813
2022-06-23,Macro,1.0,Macro,Bull,0.1,0.2,0.3,0.4,0.000784,0.009803
2022-06-24,Macro,1.0,Macro,Bull,0.1,0.2,0.3,0.4,0.000111,0.031794
2022-06-27,Macro,1.0,Macro,Bull,0.1,0.2,0.3,0.4,-0.002423,-0.00382
2022-06-28,Macro,1.0,Macro,Bull,0.1,0.2,0.3,0.4,-0.001606,-0.020433
2022-06-29,Macro,1.0,Macro,Bull,0.1,0.2,0.3,0.4,0.00281,-0.000814
2022-06-30,Macro,1.0,Macro,Bull,0.1,0.2,0.3,0.4,-0.000879,-0.008124
2022-07-01,Macro,1.0,Macro,Bull,0.1,0.2,0.3,0.4,0.002862,0.010577
2022-07-05,Macro,1.0,Macro,Bull,0.1,0.2,0.3,0.4,-0.004603,0.001889
2022-07-06,Macro,1.0,Macro,Bull,0.1,0.2,0.3,0.4,-0.007773,0.003377
2022-07-07,Macro,1.0,Macro,Bull,0.1,0.2,0.3,0.4,-9.6e-05,0.014977
2022-07-08,Macro,1.0,Macro,Bull,0.1,0.2,0.3,0.4,-0.002168,-0.000823
2022-07-11,Macro,1.0,Macro,Bull,0.1,0.2,0.3,0.4,0.000698,-0.011423
2022-07-12,Macro,1.0,Macro,Bull,0.1,0.2,0.3,0.4,-0.000811,-0.008849
2022-07-13,Macro,1.0,Macro,Bull,0.1,0.2,0.3,0.4,0.003204,-0.005252
2022-07-14,Macro,1.0,Macro,Bull,0.1,0.2,0.3,0.4,-0.006089,-0.002429
2022-07-15,Macro,1.0,Macro,Bull,0.1,0.2,0.3,0.4,0.002434,0.019105
2022-07-18,Macro,1.0,Macro,Bull,0.1,0.2,0.3,0.4,-0.002626,-0.008257
2022-07-19,Macro,1.0,Macro,Bull,0.1,0.2,0.3,0.4,0.002339,0.027019
2022-07-20,Macro,1.0,Macro,Bull,0.1,0.2,0.3,0.4,-0.001658,0.006373
2022-07-21,Macro,1.0,Macro,Bull,0.1,0.2,0.3,0.4,0.008707,0.010183
2022-07-22,Macro,1.0,Macro,Bull,0.1,0.2,0.3,0.4,0.003183,-0.009278
2022-07-25,Macro,1.0,Macro,Bull,0.1,0.2,0.3,0.4,-0.002657,0.001215
2022-07-26,Macro,1.0,Macro,Bull,0.1,0.2,0.3,0.4,-0.001385,-0.011831
2022-07-27,Macro,1.0,Macro,Bull,0.1,0.2,0.3,0.4,0.004528,0.025967
2022-07-28,Macro,1.0,Macro,Bull,0.1,0.2,0.3,0.4,0.006502,0.012542
2022-07-29,Macro,1.0,Macro,Bull,0.1,0.2,0.3,0.4,0.001758,0.014579
2022-08-01,Macro,1.0,Macro,Bull,0.1,0.2,0.3,0.4,0.006221,-0.002961
2022-08-02,Macro,1.0,Macro,Bull,0.1,0.2,0.3,0.4,-0.006673,-0.006597
2022-08-03,Macro,1.0,Macro,Bull,0.1,0.2,0.3,0.4,0.005446,0.01566
2022-08-04,Macro,1.0,Macro,Bull,0.1,0.2,0.3,0.4,0.004827,-0.000676
2022-08-05,Macro,1.0,Macro,Bull,0.1,0.2,0.3,0.4,-0.008304,-0.00169
2022-08-08,Macro,1.0,Macro,Bull,0.1,0.2,0.3,0.4,0.005653,-0.001161
2022-08-09,Macro,1.0,Macro,Bull,0.1,0.2,0.3,0.4,-0.000257,-0.003971
2022-08-10,Macro,1.0,Macro,Bull,0.1,0.2,0.3,0.4,4e-05,0.021004
2022-08-11,Macro,1.0,Macro,Bull,0.1,0.2,0.3,0.4,-0.005453,0.0
2022-08-12,Macro,1.0,Macro,Bull,0.1,0.2,0.3,0.4,0.00648,0.016929
2022-08-15,Macro,1.0,Macro,Bull,0.1,0.2,0.3,0.4,-0.003621,0.004121
2022-08-16,Macro,1.0,Macro,Bull,0.1,0.2,0.3,0.4,0.000502,0.001959
2022-08-17,Macro,1.0,Macro,Bull,0.1,0.2,0.3,0.4,-0.004738,-0.007098
2022-08-18,Macro,1.0,Macro,Bull,0.1,0.2,0.3,0.4,-0.000198,0.002907
2022-08-19,Macro,1.0,Macro,Bull,0.1,0.2,0.3,0.4,-0.00676,-0.013438
2022-08-22,Macro,1.0,Macro,Bull,0.1,0.2,0.3,0.4,-0.004746,-0.020822
2022-08-23,Macro,1.0,Macro,Bull,0.1,0.2,0.3,0.4,0.000755,-0.002419
2022-08-24,Macro,1.0,Macro,Bull,0.1,0.2,0.3,0.4,-0.000259,0.003201
2022-08-25,Macro,1.0,Macro,Bull,0.1,0.2,0.3,0.4,0.005118,0.014118
2022-08-26,Macro,1.0,Macro,Bull,0.1,0.2,0.3,0.4,-0.005523,-0.033849
2022-08-29,Macro,1.0,Macro,Bull,0.1,0.2,0.3,0.4,-0.00213,-0.006612
2022-08-30,Macro,1.0,Macro,Bull,0.1,0.2,0.3,0.4,-0.003103,-0.010978
2022-08-31,Macro,1.0,Macro,Bull,0.1,0.2,0.3,0.4,-0.004991,-0.007609
2022-09-01,Macro,1.0,Macro,Bull,0.1,0.2,0.3,0.4,-0.005985,0.003138
2022-09-02,Macro,1.0,Macro,Bull,0.1,0.2,0.3,0.4,0.002718,-0.010544
2022-09-06,Macro,1.0,Macro,Bull,0.1,0.2,0.3,0.4,-0.007083,-0.003773
2022-09-07,Macro,1.0,Macro,Bull,0.1,0.2,0.3,0.4,0.00801,0.017965
2022-09-08,Macro,1.0,Macro,Bull,0.1,0.2,0.3,0.4,-0.003199,0.006536
2022-09-09,Macro,1.0,Macro,Bull,0.1,0.2,0.3,0.4,0.003583,0.015535
2022-09-12,Macro,1.0,Macro,Bull,0.1,0.2,0.3,0.4,0.000952,0.010748
2022-09-13,Macro,1.0,Macro,Bull,0.1,0.2,0.3,0.4,-0.007786,-0.043482
2022-09-14,Macro,1.0,Macro,Bull,0.1,0.2,0.3,0.4,-8.6e-05,0.003816
2022-09-15,Macro,1.0,Macro,Bull,0.1,0.2,0.3,0.4,-0.006869,-0.011353
2022-09-16,Macro,1.0,Macro,Bull,0.1,0.2,0.3,0.4,-0.000765,-0.007629
2022-09-19,Macro,1.0,Macro,Bull,0.1,0.2,0.3,0.4,0.001473,0.007755
2022-09-20,Macro,1.0,Macro,Bull,0.1,0.2,0.3,0.4,-0.004854,-0.011479
2022-09-21,Macro,1.0,Macro,Bull,0.1,0.2,0.3,0.4,0.002999,-0.017444
2022-09-22,Macro,1.0,Macro,Bull,0.1,0.2,0.3,0.4,-0.006123,-0.0084
2022-09-23,Macro,1.0,Macro,Bull,0.1,0.2,0.3,0.4,-0.006042,-0.016755
2022-09-26,Macro,1.0,Macro,Bull,0.1,0.2,0.3,0.4,-0.008301,-0.009892
2022-09-27,Macro,1.0,Macro,Bull,0.1,0.2,0.3,0.4,-0.004907,-0.002553
2022-09-28,Macro,1.0,Macro,Bull,0.1,0.2,0.3,0.4,0.0149,0.019676
2022-09-29,Macro,1.0,Macro,Bull,0.1,0.2,0.3,0.4,-0.003182,-0.020889
2022-09-30,Macro,1.0,Macro,Bull,0.1,0.2,0.3,0.4,-0.004109,-0.015464
2022-10-03,Macro,1.0,Macro,Bull,0.1,0.2,0.3,0.4,0.013111,0.026401
2022-10-04,Macro,1.0,Macro,Bull,0.1,0.2,0.3,0.4,0.006838,0.030987
2022-10-05,Macro,1.0,Macro,Bull,0.1,0.2,0.3,0.4,-0.003807,-0.002328
2022-10-06,Macro,1.0,Macro,Bull,0.1,0.2,0.3,0.4,-0.002481,-0.010316
2022-10-07,Macro,1.0,Macro,Bull,0.1,0.2,0.3,0.4,-0.00802,-0.027894
2022-10-10,Macro,1.0,Macro,Bull,0.1,0.2,0.3,0.4,-0.008433,-0.007636
2022-10-11,Macro,1.0,Macro,Bull,0.1,0.2,0.3,0.4,-0.000365,-0.006333
2022-10-12,Macro,1.0,Macro,Bull,0.1,0.2,0.3,0.4,0.002256,-0.003298
2022-10-13,Macro,1.0,Macro,Bull,0.1,0.2,0.3,0.4,-0.001351,0.026391
2022-10-14,Macro,1.0,Macro,Bull,0.1,0.2,0.3,0.4,-0.007667,-0.022789
2022-10-17,Macro,1.0,Macro,Bull,0.1,0.2,0.3,0.4,0.002459,0.025697
2022-10-18,Macro,1.0,Macro,Bull,0.1,0.2,0.3,0.4,0.002289,0.011749
2022-10-19,Macro,1.0,Macro,Bull,0.1,0.2,0.3,0.4,-0.008369,-0.007086
2022-10-20,Macro,1.0,Macro,Bull,0.1,0.2,0.3,0.4,-0.004732,-0.008386
2022-10-21,Macro,1.0,Macro,Bull,0.1,0.2,0.3,0.4,0.004174,0.024301
2022-10-24,Macro,1.0,Macro,Bull,0.1,0.2,0.3,0.4,-0.001402,0.012237
2022-10-25,Macro,1.0,Macro,Bull,0.1,0.2,0.3,0.4,0.008103,0.015969
2022-10-26,Macro,1.0,Macro,Bull,0.1,0.2,0.3,0.4,0.004037,-0.007534
2022-10-27,Macro,1.0,Macro,Bull,0.1,0.2,0.3,0.4,0.001096,-0.00534
2022-10-28,Macro,1.0,Macro,Bull,0.1,0.2,0.3,0.4,-0.002059,0.023791
2022-10-31,Macro,1.0,Macro,Bull,0.1,0.2,0.3,0.4,-0.004596,-0.007223
2022-11-01,Macro,1.0,Macro,Bull,0.1,0.2,0.3,0.4,0.004493,-0.004375
2022-11-02,Macro,1.0,Macro,Bull,0.1,0.2,0.3,0.4,-0.005469,-0.025096
2022-11-03,Macro,1.0,Macro,Bull,0.1,0.2,0.3,0.4,-0.003251,-0.010297
2022-11-04,Macro,1.0,Macro,Bull,0.1,0.2,0.3,0.4,0.007288,0.014393
2022-11-07,Macro,1.0,Macro,Bull,0.1,0.2,0.3,0.4,-0.002227,0.009566
2022-11-08,Macro,1.0,Macro,Bull,0.1,0.2,0.3,0.4,0.009656,0.005395
2022-11-09,Macro,1.0,Macro,Bull,0.1,0.2,0.3,0.4,-0.002908,-0.020602
2022-11-10,Macro,1.0,Macro,Bull,0.1,0.2,0.3,0.4,0.022323,0.054954
2022-11-11,Macro,1.0,Macro,Bull,0.1,0.2,0.3,0.4,0.002217,0.009678
2022-11-14,Macro,1.0,Macro,Bull,0.1,0.2,0.3,0.4,-0.000685,-0.008507
2022-11-15,Macro,1.0,Macro,Bull,0.1,0.2,0.3,0.4,0.005144,0.008529
2022-11-16,Macro,1.0,Macro,Bull,0.1,0.2,0.3,0.4,0.002922,-0.007629
2022-11-17,Macro,1.0,Macro,Bull,0.1,0.2,0.3,0.4,-0.004597,-0.00306
2022-11-18,Macro,1.0,Macro,Bull,0.1,0.2,0.3,0.4,-0.00299,0.00454
2022-11-21,Macro,1.0,Macro,Bull,0.1,0.2,0.3,0.4,-0.001198,-0.003636
2022-11-22,Macro,1.0,Macro,Bull,0.1,0.2,0.3,0.4,0.004536,0.013457
2022-11-23,Macro,1.0,Macro,Bull,0.1,0.2,0.3,0.4,0.005988,0.006302
2022-11-25,Macro,1.0,Macro,Bull,0.1,0.2,0.3,0.4,-0.000443,-0.000224
2022-11-28,Macro,1.0,Macro,Bull,0.1,0.2,0.3,0.4,-0.003403,-0.015957
2022-11-29,Macro,1.0,Macro,Bull,0.1,0.2,0.3,0.4,-0.001035,-0.001718
2022-11-30,Macro,1.0,Macro,Bull,0.1,0.2,0.3,0.4,0.008456,0.031501
2022-12-01,Macro,1.0,Macro,Bull,0.1,0.2,0.3,0.4,0.011831,-0.000736
2022-12-02,Macro,1.0,Macro,Bull,0.1,0.2,0.3,0.4,0.001363,-0.001154
2022-12-05,Macro,1.0,Macro,Bull,0.1,0.2,0.3,0.4,-0.009748,-0.017989
2022-12-06,Macro,1.0,Macro,Bull,0.1,0.2,0.3,0.4,0.001956,-0.014415
2022-12-07,Macro,1.0,Macro,Bull,0.1,0.2,0.3,0.4,0.007254,-0.001701
2022-12-08,Macro,1.0,Macro,Bull,0.1,0.2,0.3,0.4,0.000488,0.007834
2022-12-09,Macro,1.0,Macro,Bull,0.1,0.2,0.3,0.4,-0.004887,-0.00747
2022-12-12,Macro,1.0,Macro,Bull,0.1,0.2,0.3,0.4,-0.000397,0.014417
2022-12-13,Macro,1.0,Macro,Bull,0.1,0.2,0.3,0.4,0.007813,0.00757
2022-12-14,Macro,1.0,Macro,Bull,0.1,0.2,0.3,0.4,-0.000515,-0.006393
2022-12-15,Macro,1.0,Macro,Bull,0.1,0.2,0.3,0.4,-0.006574,-0.024462
2022-12-16,Macro,1.0,Macro,Bull,0.1,0.2,0.3,0.4,-0.000802,-0.011806
2022-12-19,Macro,1.0,Macro,Bull,0.1,0.2,0.3,0.4,-0.005054,-0.00848
2022-12-20,Macro,1.0,Macro,Bull,0.1,0.2,0.3,0.4,0.001564,0.001369
2022-12-21,Macro,1.0,Macro,Bull,0.1,0.2,0.3,0.4,0.001501,0.014952
2022-12-22,Macro,1.0,Macro,Bull,0.1,0.2,0.3,0.4,-0.005091,-0.014266
2022-12-23,Macro,1.0,Macro,Bull,0.1,0.2,0.3,0.4,-0.001457,0.005752
2022-12-27,Macro,1.0,Macro,Bull,0.1,0.2,0.3,0.4,-0.00182,-0.003944
2022-12-28,Macro,1.0,Macro,Bull,0.1,0.2,0.3,0.4,-0.003773,-0.012428
2022-12-29,Macro,1.0,Macro,Bull,0.1,0.2,0.3,0.4,0.00575,0.018
2022-12-30,Macro,1.0,Macro,Bull,0.1,0.2,0.3,0.4,-0.001085,-0.002634
2023-01-03,Macro,1.0,Macro,Bull,0.1,0.2,0.3,0.4,0.005907,-0.00421
2023-01-04,Macro,1.0,Macro,Bull,0.1,0.2,0.3,0.4,0.006336,0.00772
2023-01-05,Macro,1.0,Macro,Bull,0.1,0.2,0.3,0.4,-0.004041,-0.011413
2023-01-06,Macro,1.0,Macro,Bull,0.1,0.2,0.3,0.4,0.011585,0.022932
2023-01-09,Macro,1.0,Macro,Bull,0.1,0.2,0.3,0.4,0.001682,-0.000567
2023-01-10,Macro,1.0,Macro,Bull,0.1,0.2,0.3,0.4,-0.001506,0.007013
2023-01-11,Macro,1.0,Macro,Bull,0.1,0.2,0.3,0.4,0.004309,0.012648
2023-01-12,Macro,1.0,Macro,Bull,0.1,0.2,0.3,0.4,0.007771,0.003641
2023-01-13,Macro,0.9999,Macro,Bull,0.1,0.2,0.3,0.4,0.002114,0.003879
2023-01-17,Macro,0.9995,Macro,Bull,0.1,0.2,0.3,0.4,-0.003439,-0.001832
2023-01-18,Macro,1.0,Macro,Bull,0.1,0.2,0.3,0.4,0.002406,-0.015788
2023-01-19,Macro,1.0,Macro,Bull,0.1,0.2,0.3,0.4,0.002781,-0.00728
2023-01-20,Macro,1.0,Macro,Bull,0.1,0.2,0.3,0.4,-0.00238,0.018629
2023-01-23,Macro,1.0,Macro,Bull,0.1,0.2,0.3,0.4,0.000827,0.011999
2023-01-24,Macro,1.0,Macro,Bull,0.1,0.2,0.3,0.4,0.003854,-0.001073
2023-01-25,Macro,1.0,Macro,Bull,0.1,0.2,0.3,0.4,0.001904,0.000375
2023-01-26,Macro,1.0,Macro,Bull,0.1,0.2,0.3,0.4,-0.002548,0.01099
2023-01-27,Macro,1.0,Macro,Bull,0.1,0.2,0.3,0.4,-0.000693,0.002298
2023-01-30,Macro,1.0,Macro,Bull,0.1,0.2,0.3,0.4,-0.002756,-0.012547
2023-01-31,Macro,1.0,Macro,Bull,0.1,0.2,0.3,0.4,0.00416,0.014703
2023-02-01,Macro,1.0,Macro,Bull,0.1,0.2,0.3,0.4,0.007246,0.010628
2023-02-02,Macro,1.0,Macro,Bull,0.1,0.2,0.3,0.4,-0.004511,0.014557
2023-02-03,Macro,1.0,Macro,Bull,0.1,0.2,0.3,0.4,-0.011541,-0.010629
2023-02-06,Macro,1.0,Macro,Bull,0.1,0.2,0.3,0.4,-0.001469,-0.006111
2023-02-07,Macro,1.0,Macro,Bull,0.1,0.2,0.3,0.4,-2.1e-05,0.013079
2023-02-08,Macro,1.0,Macro,Bull,0.1,0.2,0.3,0.4,0.0006,-0.010935
2023-02-09,Macro,1.0,Macro,Bull,0.1,0.2,0.3,0.4,-0.005135,-0.008669
2023-02-10,Macro,1.0,Macro,Bull,0.1,0.2,0.3,0.4,-0.001432,0.002334
2023-02-13,Macro,1.0,Macro,Bull,0.1,0.2,0.3,0.4,0.001334,0.011739
2023-02-14,Macro,1.0,Macro,Bull,0.1,0.2,0.3,0.4,-0.00028,-0.00046
2023-02-15,Macro,0.9988,Macro,Bull,0.1,0.2,0.3,0.4,-0.00453,0.003247
2023-02-16,Macro,1.0,Macro,Bull,0.1,0.2,0.3,0.4,-0.004456,-0.013769
2023-02-17,Macro,0.9998,Macro,Bull,0.1,0.2,0.3,0.4,0.002202,-0.002498
2023-02-21,Macro,1.0,Macro,Bull,0.1,0.2,0.3,0.4,-0.007015,-0.020061
2023-02-22,Macro,1.0,Macro,Bull,0.1,0.2,0.3,0.4,7e-06,-0.001378
2023-02-23,Macro,1.0,Macro,Bull,0.1,0.2,0.3,0.4,0.002327,0.005319
2023-02-24,Macro,1.0,Macro,Bull,0.1,0.2,0.3,0.4,-0.005827,-0.010682
2023-02-27,Macro,0.9936,Macro,Bull,0.1,0.2,0.3,0.4,0.002071,0.003406
2023-02-28,Macro,0.9138,Macro,Bull,0.1,0.2,0.3,0.4,0.001906,-0.003696
2023-03-01,Macro,0.5703,Macro,Bull,0.1,0.2,0.3,0.4,-0.000801,-0.003836
2023-03-02,Neutral,0.8975,Macro,Bull,0.1,0.2,0.3,0.4,-0.001171,0.007777
2023-03-03,Neutral,0.99,Macro,Bull,0.1,0.2,0.3,0.4,0.009666,0.016038
2023-03-06,Neutral,0.997,Neutral,Bull,0.6,0.3,0.1,0.0,-0.002575,0.000693
2023-03-07,Neutral,0.9613,Neutral,Bull,0.6,0.3,0.1,0.0,-0.009106,-0.015329
2023-03-08,Neutral,0.9495,Neutral,Bull,0.6,0.3,0.1,0.0,0.001227,0.001632
2023-03-09,Macro,1.0,Neutral,Bull,0.6,0.3,0.1,0.0,-0.009348,-0.01845
2023-03-10,Macro,1.0,Neutral,Bull,0.6,0.3,0.1,0.0,0.003844,-0.01443
2023-03-13,Macro,1.0,Macro,Bull,0.1,0.2,0.3,0.4,0.007037,-0.001425
2023-03-14,Macro,1.0,Macro,Bull,0.1,0.2,0.3,0.4,-0.003373,0.01653
2023-03-15,Macro,1.0,Macro,Bull,0.1,0.2,0.3,0.4,0.005578,-0.006254
2023-03-16,Macro,1.0,Macro,Bull,0.1,0.2,0.3,0.4,0.000796,0.017545
2023-03-17,Macro,1.0,Macro,Bull,0.1,0.2,0.3,0.4,0.010569,-0.011693
2023-03-20,Macro,1.0,Macro,Bull,0.1,0.2,0.3,0.4,-0.000684,0.009616
2023-03-21,Macro,1.0,Macro,Bull,0.1,0.2,0.3,0.4,-0.006068,0.013131
2023-03-22,Macro,1.0,Macro,Bull,0.1,0.2,0.3,0.4,0.006068,-0.017047
2023-03-23,Macro,1.0,Macro,Bull,0.1,0.2,0.3,0.4,0.004032,0.002703
2023-03-24,Macro,1.0,Macro,Bull,0.1,0.2,0.3,0.4,-0.001874,0.006562
2023-03-27,Macro,1.0,Macro,Bull,0.1,0.2,0.3,0.4,-0.007288,0.00187
2023-03-28,Macro,1.0,Macro,Bull,0.1,0.2,0.3,0.4,0.002596,-0.002245
2023-03-29,Macro,1.0,Macro,Bull,0.1,0.2,0.3,0.4,-0.000437,0.014535
2023-03-30,Macro,1.0,Macro,Bull,0.1,0.2,0.3,0.4,0.004218,0.005855
2023-03-31,Macro,1.0,Macro,Bull,0.1,0.2,0.3,0.4,0.002842,0.014095
2023-04-03,Macro,1.0,Macro,Bull,0.1,0.2,0.3,0.4,0.003483,0.003811
2023-04-04,Macro,1.0,Macro,Bull,0.1,0.2,0.3,0.4,0.006032,-0.005548
2023-04-05,Macro,1.0,Macro,Bull,0.1,0.2,0.3,0.4,0.00159,-0.002618
2023-04-06,Macro,1.0,Macro,Bull,0.1,0.2,0.3,0.4,-0.001233,0.003901
2023-04-10,Macro,0.9999,Macro,Bull,0.1,0.2,0.3,0.4,-0.005342,0.001026
2023-04-11,Macro,0.9999,Macro,Bull,0.1,0.2,0.3,0.4,0.002335,0.000269
2023-04-12,Macro,0.9984,Macro,Bull,0.1,0.2,0.3,0.4,0.000852,-0.004076
2023-04-13,Macro,0.9685,Macro,Bull,0.1,0.2,0.3,0.4,0.003811,0.013283
2023-04-14,Neutral,0.4852,Macro,Bull,0.1,0.2,0.3,0.4,-0.007387,-0.002443
2023-04-17,Neutral,0.9225,Macro,Bull,0.1,0.2,0.3,0.4,-0.003356,0.003588
2023-04-18,Neutral,0.9921,Neutral,Neutral,0.6,0.3,0.1,0.0,0.001688,0.000652
2023-04-19,Neutral,0.9998,Neutral,Neutral,0.6,0.3,0.1,0.0,-0.000867,-0.000169
2023-04-20,Neutral,1.0,Neutral,Neutral,0.6,0.3,0.1,0.0,-0.000316,-0.005457
2023-04-21,Neutral,1.0,Neutral,Neutral,0.6,0.3,0.1,0.0,-0.002208,0.000777
2023-04-24,Neutral,0.9997,Neutral,Neutral,0.6,0.3,0.1,0.0,0.003832,0.001043
2023-04-25,Neutral,0.9265,Neutral,Neutral,0.6,0.3,0.1,0.0,-0.004604,-0.015874
2023-04-26,Neutral,0.9288,Neutral,Neutral,0.6,0.3,0.1,0.0,-0.006282,-0.004236
2023-04-27,Neutral,0.9342,Neutral,Neutral,0.6,0.3,0.1,0.0,0.008973,0.019908
2023-04-28,Neutral,0.9594,Neutral,Neutral,0.6,0.3,0.1,0.0,0.009987,0.008535
2023-05-01,Neutral,0.9391,Neutral,Neutral,0.6,0.3,0.1,0.0,-0.009705,-0.00101
2023-05-02,Macro,0.9382,Neutral,Neutral,0.6,0.3,0.1,0.0,0.002662,-0.011239
2023-05-03,Macro,0.9921,Neutral,Neutral,0.6,0.3,0.1,0.0,-0.001596,-0.006864
2023-05-04,Macro,0.9999,Macro,Neutral,0.1,0.2,0.3,0.4,-0.000734,-0.007083
2023-05-05,Macro,0.9966,Macro,Neutral,0.1,0.2,0.3,0.4,-0.003508,0.018513
2023-05-08,Macro,0.9122,Macro,Neutral,0.1,0.2,0.3,0.4,-0.002408,0.000267
2023-05-09,Macro,0.8707,Macro,Neutral,0.1,0.2,0.3,0.4,0.000972,-0.004385
2023-05-10,Macro,0.7419,Macro,Neutral,0.1,0.2,0.3,0.4,0.001979,0.004672
2023-05-11,Macro,0.6566,Macro,Neutral,0.1,0.2,0.3,0.4,-0.000635,-0.001744
2023-05-12,Macro,0.626,Macro,Neutral,0.1,0.2,0.3,0.4,-0.002318,-0.00131
2023-05-15,Macro,0.6381,Macro,Neutral,0.1,0.2,0.3,0.4,-0.001084,0.00345
2023-05-16,Macro,0.6941,Macro,Neutral,0.1,0.2,0.3,0.4,-0.005019,-0.006683
2023-05-17,Macro,0.7118,Macro,Neutral,0.1,0.2,0.3,0.4,-0.000408,0.012139
2023-05-18,Macro,0.7238,Macro,Neutral,0.1,0.2,0.3,0.4,-0.00441,0.009633
2023-05-19,Macro,0.769,Macro,Neutral,0.1,0.2,0.3,0.4,0.00141,-0.001455
2023-05-22,Macro,0.8525,Macro,Neutral,0.1,0.2,0.3,0.4,-0.001374,0.000406
2023-05-23,Macro,0.9776,Macro,Neutral,0.1,0.2,0.3,0.4,-0.000186,-0.011223
2023-05-24,Macro,0.9947,Macro,Neutral,0.1,0.2,0.3,0.4,-0.004135,-0.007245
2023-05-25,Macro,0.9534,Macro,Neutral,0.1,0.2,0.3,0.4,-0.002517,0.00866
2023-05-26,Macro,0.6148,Macro,Neutral,0.1,0.2,0.3,0.4,0.004109,0.012951
2023-05-30,Neutral,0.8688,Macro,Neutral,0.1,0.2,0.3,0.4,0.003893,0.000381
2023-05-31,Neutral,0.9881,Macro,Neutral,0.1,0.2,0.3,0.4,0.00165,-0.005545
2023-06-01,Neutral,0.9999,Neutral,Neutral,0.6,0.3,0.1,0.0,0.007507,0.009501
2023-06-02,Neutral,1.0,Neutral,Neutral,0.6,0.3,0.1,0.0,0.003915,0.014461
2023-06-05,Neutral,1.0,Neutral,Neutral,0.6,0.3,0.1,0.0,-0.001107,-0.001916
2023-06-06,Neutral,1.0,Neutral,Neutral,0.6,0.3,0.1,0.0,0.003184,0.002178
2023-06-07,Neutral,1.0,Neutral,Neutral,0.6,0.3,0.1,0.0,-0.007729,-0.003458
2023-06-08,Neutral,1.0,Neutral,Neutral,0.6,0.3,0.1,0.0,0.008459,0.006048
2023-06-09,Neutral,1.0,Neutral,Neutral,0.6,0.3,0.1,0.0,0.000397,0.001794
2023-06-12,Neutral,1.0,Neutral,Neutral,0.6,0.3,0.1,0.0,0.006238,0.009072
2023-06-13,Neutral,1.0,Neutral,Neutral,0.6,0.3,0.1,0.0,0.000255,0.006593
2023-06-14,Neutral,1.0,Neutral,Neutral,0.6,0.3,0.1,0.0,0.003171,0.001191
2023-06-15,Neutral,1.0,Neutral,Neutral,0.6,0.3,0.1,0.0,0.011023,0.012398
2023-06-16,Neutral,1.0,Neutral,Neutral,0.6,0.3,0.1,0.0,-0.003363,-0.003406
2023-06-20,Neutral,1.0,Neutral,Neutral,0.6,0.3,0.1,0.0,-0.002072,-0.005188
2023-06-21,Neutral,1.0,Neutral,Neutral,0.6,0.3,0.1,0.0,-0.002493,-0.005124
2023-06-22,Neutral,1.0,Neutral,Neutral,0.6,0.3,0.1,0.0,-0.002447,0.00361
2023-06-23,Neutral,1.0,Neutral,Neutral,0.6,0.3,0.1,0.0,-0.001269,-0.00756
2023-06-26,Neutral,1.0,Neutral,Neutral,0.6,0.3,0.1,0.0,-0.001958,-0.004086
2023-06-27,Neutral,1.0,Neutral,Neutral,0.6,0.3,0.1,0.0,0.005335,0.010963
2023-06-28,Neutral,1.0,Neutral,Neutral,0.6,0.3,0.1,0.0,0.001351,0.000504
2023-06-29,Neutral,1.0,Neutral,Neutral,0.6,0.3,0.1,0.0,-0.003157,0.003941
2023-06-30,Neutral,1.0,Neutral,Neutral,0.6,0.3,0.1,0.0,0.011285,0.011801
2023-07-03,Neutral,1.0,Neutral,Neutral,0.6,0.3,0.1,0.0,-0.000898,0.001151
2023-07-05,Neutral,1.0,Neutral,Neutral,0.6,0.3,0.1,0.0,-0.004096,-0.001487
2023-07-06,Neutral,1.0,Neutral,Neutral,0.6,0.3,0.1,0.0,-0.009239,-0.007831
2023-07-07,Neutral,1.0,Neutral,Neutral,0.6,0.3,0.1,0.0,-0.002571,-0.002525
2023-07-10,Neutral,1.0,Neutral,Bull,0.6,0.3,0.1,0.0,0.001991,0.002531
2023-07-11,Neutral,1.0,Neutral,Bull,0.6,0.3,0.1,0.0,0.005738,0.006368
2023-07-12,Neutral,1.0,Neutral,Bull,0.6,0.3,0.1,0.0,0.009521,0.008046
2023-07-13,Neutral,1.0,Neutral,Bull,0.6,0.3,0.1,0.0,0.007987,0.007937
2023-07-14,Neutral,1.0,Neutral,Bull,0.6,0.3,0.1,0.0,-0.002459,-0.000623
2023-07-17,Neutral,1.0,Neutral,Bull,0.6,0.3,0.1,0.0,0.002303,0.003472
2023-07-18,Neutral,1.0,Neutral,Bull,0.6,0.3,0.1,0.0,0.006966,0.00743
2023-07-19,Neutral,1.0,Neutral,Bull,0.6,0.3,0.1,0.0,0.00474,0.002224
2023-07-20,Neutral,1.0,Neutral,Bull,0.6,0.3,0.1,0.0,-0.00813,-0.006635
2023-07-21,Neutral,1.0,Neutral,Bull,0.6,0.3,0.1,0.0,-0.000218,0.0
2023-07-24,Neutral,1.0,Neutral,Bull,0.6,0.3,0.1,0.0,0.001161,0.004467
2023-07-25,Neutral,1.0,Neutral,Bull,0.6,0.3,0.1,0.0,0.001632,0.00273
2023-07-26,Neutral,0.9998,Neutral,Bull,0.6,0.3,0.1,0.0,0.000877,0.000154
2023-07-27,Neutral,1.0,Neutral,Bull,0.6,0.3,0.1,0.0,-0.011385,-0.00663
2023-07-28,Neutral,1.0,Neutral,Bull,0.6,0.3,0.1,0.0,0.008213,0.00979
2023-07-31,Neutral,1.0,Neutral,Bull,0.6,0.3,0.1,0.0,0.002133,0.001904
2023-08-01,Neutral,1.0,Neutral,Bull,0.6,0.3,0.1,0.0,-0.007669,-0.002861
2023-08-02,Neutral,1.0,Neutral,Bull,0.6,0.3,0.1,0.0,-0.012033,-0.013911
2023-08-03,Neutral,1.0,Neutral,Bull,0.6,0.3,0.1,0.0,-0.008674,-0.002866
2023-08-04,Neutral,1.0,Neutral,Bull,0.6,0.3,0.1,0.0,0.002962,-0.004523
2023-08-07,Neutral,1.0,Neutral,Bull,0.6,0.3,0.1,0.0,0.002057,0.008728
2023-08-08,Neutral,1.0,Neutral,Bull,0.6,0.3,0.1,0.0,0.000241,-0.004349
2023-08-09,Neutral,1.0,Neutral,Bull,0.6,0.3,0.1,0.0,-0.002936,-0.006685
2023-08-10,Neutral,1.0,Neutral,Bull,0.6,0.3,0.1,0.0,-0.00483,0.000359
2023-08-11,Neutral,1.0,Neutral,Bull,0.6,0.3,0.1,0.0,-0.00104,-0.000583
2023-08-14,Neutral,1.0,Neutral,Bull,0.6,0.3,0.1,0.0,0.002347,0.00552
2023-08-15,Neutral,1.0,Neutral,Bull,0.6,0.3,0.1,0.0,-0.009083,-0.011649
2023-08-16,Neutral,1.0,Neutral,Bull,0.6,0.3,0.1,0.0,-0.007328,-0.007338
2023-08-17,Neutral,1.0,Neutral,Bull,0.6,0.3,0.1,0.0,-0.006005,-0.00762
2023-08-18,Neutral,1.0,Neutral,Bull,0.6,0.3,0.1,0.0,0.001365,0.000481
2023-08-21,Neutral,1.0,Neutral,Bull,0.6,0.3,0.1,0.0,0.000178,0.006506
2023-08-22,Neutral,1.0,Neutral,Bull,0.6,0.3,0.1,0.0,0.000842,-0.002709
2023-08-23,Neutral,1.0,Neutral,Bull,0.6,0.3,0.1,0.0,0.015132,0.011138
2023-08-24,Neutral,1.0,Neutral,Bull,0.6,0.3,0.1,0.0,-0.010316,-0.013859
2023-08-25,Neutral,1.0,Neutral,Bull,0.6,0.3,0.1,0.0,0.00508,0.00705
2023-08-28,Neutral,1.0,Neutral,Bull,0.6,0.3,0.1,0.0,0.004407,0.006341
2023-08-29,Neutral,1.0,Neutral,Bull,0.6,0.3,0.1,0.0,0.012765,0.014455
2023-08-30,Neutral,1.0,Neutral,Bull,0.6,0.3,0.1,0.0,0.00241,0.004119
2023-08-31,Neutral,1.0,Neutral,Bull,0.6,0.3,0.1,0.0,0.000297,-0.001463
2023-09-01,Neutral,1.0,Neutral,Bull,0.6,0.3,0.1,0.0,-0.003505,0.001865
2023-09-05,Neutral,1.0,Neutral,Bull,0.6,0.3,0.1,0.0,-0.007616,-0.004322
2023-09-06,Neutral,1.0,Neutral,Bull,0.6,0.3,0.1,0.0,-0.003749,-0.006722
2023-09-07,Neutral,1.0,Neutral,Bull,0.6,0.3,0.1,0.0,-0.000903,-0.00307
2023-09-08,Neutral,1.0,Neutral,Bull,0.6,0.3,0.1,0.0,0.002086,0.001506
2023-09-11,Neutral,1.0,Neutral,Bull,0.6,0.3,0.1,0.0,0.00197,0.006577
2023-09-12,Neutral,1.0,Neutral,Bull,0.6,0.3,0.1,0.0,-0.002078,-0.005486
2023-09-13,Neutral,1.0,Neutral,Bull,0.6,0.3,0.1,0.0,0.000405,0.001166
2023-09-14,Neutral,1.0,Neutral,Bull,0.6,0.3,0.1,0.0,0.003059,0.008622
2023-09-15,Neutral,1.0,Neutral,Bull,0.6,0.3,0.1,0.0,-0.008397,-0.012048
2023-09-18,Neutral,1.0,Neutral,Bull,0.6,0.3,0.1,0.0,0.002651,0.000586
2023-09-19,Neutral,1.0,Neutral,Bull,0.6,0.3,0.1,0.0,-0.003553,-0.002074
2023-09-20,Neutral,1.0,Neutral,Bull,0.6,0.3,0.1,0.0,-0.004506,-0.009193
2023-09-21,Neutral,1.0,Neutral,Bull,0.6,0.3,0.1,0.0,-0.018344,-0.016528
2023-09-22,Neutral,1.0,Neutral,Bull,0.6,0.3,0.1,0.0,0.001386,-0.002248
2023-09-25,Neutral,1.0,Neutral,Bull,0.6,0.3,0.1,0.0,-0.005375,0.004205
2023-09-26,Neutral,0.9993,Neutral,Bull,0.6,0.3,0.1,0.0,-0.010657,-0.014691
2023-09-27,Neutral,1.0,Neutral,Bull,0.6,0.3,0.1,0.0,-0.00255,0.000399
2023-09-28,Neutral,1.0,Neutral,Bull,0.6,0.3,0.1,0.0,0.003895,0.005797
2023-09-29,Neutral,1.0,Neutral,Bull,0.6,0.3,0.1,0.0,-0.00245,-0.002427
2023-10-02,Neutral,1.0,Neutral,Bull,0.6,0.3,0.1,0.0,-0.006311,-0.000398
2023-10-03,Neutral,0.9996,Neutral,Bull,0.6,0.3,0.1,0.0,-0.014774,-0.013386
2023-10-04,Neutral,1.0,Neutral,Bull,0.6,0.3,0.1,0.0,0.00859,0.007282
2023-10-05,Neutral,1.0,Neutral,Bull,0.6,0.3,0.1,0.0,-0.001905,-0.000377
2023-10-06,Neutral,1.0,Neutral,Neutral,0.6,0.3,0.1,0.0,0.004004,0.011873
2023-10-09,Neutral,1.0,Neutral,Neutral,0.6,0.3,0.1,0.0,0.012721,0.006402
2023-10-10,Neutral,1.0,Neutral,Neutral,0.6,0.3,0.1,0.0,0.00254,0.005205
2023-10-11,Neutral,1.0,Neutral,Neutral,0.6,0.3,0.1,0.0,0.009454,0.004096
2023-10-12,Neutral,1.0,Neutral,Neutral,0.6,0.3,0.1,0.0,-0.012101,-0.006096
2023-10-13,Neutral,0.9998,Neutral,Neutral,0.6,0.3,0.1,0.0,0.005594,-0.004981
2023-10-16,Neutral,1.0,Neutral,Neutral,0.6,0.3,0.1,0.0,0.000998,0.010522
2023-10-17,Neutral,0.9986,Neutral,Neutral,0.6,0.3,0.1,0.0,-0.003148,-4.6e-05
2023-10-18,Neutral,0.5406,Neutral,Neutral,0.6,0.3,0.1,0.0,-0.009187,-0.013325
2023-10-19,Macro,0.9989,Neutral,Neutral,0.6,0.3,0.1,0.0,-0.010186,-0.008786
2023-10-20,Macro,1.0,Neutral,Neutral,0.6,0.3,0.1,0.0,-0.005396,-0.012288
2023-10-23,Macro,0.9945,Macro,Neutral,0.1,0.2,0.3,0.4,0.001056,-0.001733
2023-10-24,Macro,0.9754,Macro,Neutral,0.1,0.2,0.3,0.4,0.003357,0.007539
2023-10-25,Macro,0.9905,Macro,Neutral,0.1,0.2,0.3,0.4,-0.004625,-0.014352
2023-10-26,Macro,0.9977,Macro,Neutral,0.1,0.2,0.3,0.4,0.002344,-0.011974
2023-10-27,Macro,0.9953,Macro,Neutral,0.1,0.2,0.3,0.4,0.002186,-0.004533
2023-10-30,Macro,0.7495,Macro,Bull,0.1,0.2,0.3,0.4,-0.001397,0.011956
2023-10-31,Neutral,0.9702,Macro,Bull,0.1,0.2,0.3,0.4,-0.001985,0.00628
2023-11-01,Neutral,0.9995,Macro,Bull,0.1,0.2,0.3,0.4,0.004458,0.010665
2023-11-02,Neutral,0.9999,Neutral,Bull,0.6,0.3,0.1,0.0,0.01851,0.019164
2023-11-03,Neutral,1.0,Neutral,Bull,0.6,0.3,0.1,0.0,0.007872,0.009123
2023-11-06,Neutral,1.0,Neutral,Bull,0.6,0.3,0.1,0.0,-0.002309,0.0023
2023-11-07,Neutral,1.0,Neutral,Neutral,0.6,0.3,0.1,0.0,0.005718,0.002846
2023-11-08,Neutral,1.0,Neutral,Neutral,0.6,0.3,0.1,0.0,0.004553,0.000732
2023-11-09,Neutral,1.0,Neutral,Neutral,0.6,0.3,0.1,0.0,-0.011181,-0.007799
2023-11-10,Neutral,1.0,Neutral,Neutral,0.6,0.3,0.1,0.0,0.009952,0.015605
2023-11-13,Neutral,1.0,Neutral,Neutral,0.6,0.3,0.1,0.0,-0.000697,-0.000953
2023-11-14,Neutral,1.0,Neutral,Neutral,0.6,0.3,0.1,0.0,0.019333,0.019401
2023-11-15,Neutral,1.0,Neutral,Neutral,0.6,0.3,0.1,0.0,-0.003204,0.002117
2023-11-16,Neutral,1.0,Neutral,Neutral,0.6,0.3,0.1,0.0,0.00559,0.001223
2023-11-17,Neutral,1.0,Neutral,Neutral,0.6,0.3,0.1,0.0,0.002141,0.001244
2023-11-20,Neutral,1.0,Neutral,Neutral,0.6,0.3,0.1,0.0,0.006288,0.007698
2023-11-21,Neutral,1.0,Neutral,Neutral,0.6,0.3,0.1,0.0,-0.00036,-0.002179
2023-11-22,Neutral,1.0,Neutral,Neutral,0.6,0.3,0.1,0.0,0.00295,0.003861
2023-11-24,Neutral,1.0,Neutral,Neutral,0.6,0.3,0.1,0.0,-0.002643,0.000615
2023-11-27,Neutral,1.0,Neutral,Neutral,0.6,0.3,0.1,0.0,0.004604,-0.001801
2023-11-28,Neutral,1.0,Neutral,Neutral,0.6,0.3,0.1,0.0,0.002519,0.00099
2023-11-29,Neutral,1.0,Neutral,Neutral,0.6,0.3,0.1,0.0,0.003497,-0.000703
2023-11-30,Neutral,1.0,Neutral,Neutral,0.6,0.3,0.1,0.0,-0.00152,0.003937
2023-12-01,Neutral,1.0,Neutral,Neutral,0.6,0.3,0.1,0.0,0.010927,0.005916
2023-12-04,Neutral,1.0,Neutral,Neutral,0.6,0.3,0.1,0.0,-0.006505,-0.00525
2023-12-05,Neutral,1.0,Neutral,Neutral,0.6,0.3,0.1,0.0,0.005949,-0.000197
2023-12-06,Neutral,1.0,Neutral,Neutral,0.6,0.3,0.1,0.0,0.001946,-0.00403
2023-12-07,Neutral,1.0,Neutral,Neutral,0.6,0.3,0.1,0.0,0.003022,0.00763
2023-12-08,Neutral,0.9998,Neutral,Neutral,0.6,0.3,0.1,0.0,-0.001209,0.004299
2023-12-11,Neutral,0.9966,Neutral,Neutral,0.6,0.3,0.1,0.0,0.000595,0.00389
2023-12-12,Neutral,0.9934,Neutral,Neutral,0.6,0.3,0.1,0.0,0.003576,0.004567
2023-12-13,Neutral,0.9991,Neutral,Neutral,0.6,0.3,0.1,0.0,0.017569,0.01379
2023-12-14,Neutral,0.9461,Neutral,Neutral,0.6,0.3,0.1,0.0,0.010316,0.003209
2023-12-15,Neutral,0.7102,Neutral,Neutral,0.6,0.3,0.1,0.0,-0.001571,-0.001647
2023-12-18,Neutral,0.6897,Neutral,Neutral,0.6,0.3,0.1,0.0,0.001439,0.005625
2023-12-19,Neutral,0.7254,Neutral,Low-Vol,0.6,0.3,0.1,0.0,0.005946,0.006081
2023-12-20,Neutral,1.0,Neutral,Low-Vol,0.6,0.3,0.1,0.0,-0.006826,-0.013857
2023-12-21,Neutral,1.0,Neutral,Low-Vol,0.6,0.3,0.1,0.0,0.004498,0.009482
2023-12-22,Neutral,0.9997,Neutral,Neutral,0.6,0.3,0.1,0.0,0.000285,0.00201
2023-12-26,Neutral,0.9997,Neutral,Neutral,0.6,0.3,0.1,0.0,0.004149,0.004223
2023-12-27,Neutral,0.9997,Neutral,Neutral,0.6,0.3,0.1,0.0,0.006854,0.001808
2023-12-28,Neutral,0.9994,Neutral,Neutral,0.6,0.3,0.1,0.0,-0.002534,0.000378
2023-12-29,Neutral,0.9997,Neutral,Low-Vol,0.6,0.3,0.1,0.0,-0.0046,-0.002895
2024-01-02,Neutral,1.0,Neutral,Low-Vol,0.6,0.3,0.1,0.0,-0.005323,-0.005596
2024-01-03,Neutral,1.0,Neutral,Low-Vol,0.6,0.3,0.1,0.0,-0.004483,-0.008167
2024-01-04,Neutral,1.0,Neutral,Low-Vol,0.6,0.3,0.1,0.0,-0.006391,-0.003221
2024-01-05,Neutral,1.0,Neutral,Neutral,0.6,0.3,0.1,0.0,-0.002032,0.00137
2024-01-08,Neutral,1.0,Neutral,Neutral,0.6,0.3,0.1,0.0,0.010744,0.014276
2024-01-09,Neutral,1.0,Neutral,Neutral,0.6,0.3,0.1,0.0,-0.002791,-0.001517
2024-01-10,Neutral,1.0,Neutral,Neutral,0.6,0.3,0.1,0.0,0.001767,0.005655
2024-01-11,Neutral,1.0,Neutral,Neutral,0.6,0.3,0.1,0.0,0.001617,-0.000441
2024-01-12,Neutral,0.9999,Neutral,Neutral,0.6,0.3,0.1,0.0,0.000806,0.000693
2024-01-16,Neutral,1.0,Neutral,Neutral,0.6,0.3,0.1,0.0,-0.008435,-0.003671
2024-01-17,Neutral,1.0,Neutral,Neutral,0.6,0.3,0.1,0.0,-0.004911,-0.005559
2024-01-18,Neutral,1.0,Neutral,Neutral,0.6,0.3,0.1,0.0,0.00337,0.008893
2024-01-19,Neutral,1.0,Neutral,Neutral,0.6,0.3,0.1,0.0,0.008738,0.012466
2024-01-22,Neutral,1.0,Neutral,Neutral,0.6,0.3,0.1,0.0,0.002676,0.002114
2024-01-23,Neutral,0.9998,Neutral,Neutral,0.6,0.3,0.1,0.0,-0.000237,0.002917
2024-01-24,Neutral,1.0,Neutral,Neutral,0.6,0.3,0.1,0.0,-0.001926,0.001093
2024-01-25,Neutral,1.0,Neutral,Neutral,0.6,0.3,0.1,0.0,0.005621,0.005439
2024-01-26,Neutral,1.0,Neutral,Neutral,0.6,0.3,0.1,0.0,-0.001406,-0.00127
2024-01-29,Neutral,1.0,Neutral,Neutral,0.6,0.3,0.1,0.0,0.008912,0.007919
2024-01-30,Neutral,1.0,Neutral,Neutral,0.6,0.3,0.1,0.0,0.002394,-0.000774
2024-01-31,Neutral,1.0,Neutral,Neutral,0.6,0.3,0.1,0.0,-0.006918,-0.016317
2024-02-01,Neutral,1.0,Neutral,Neutral,0.6,0.3,0.1,0.0,0.014778,0.013088
2024-02-02,Neutral,1.0,Neutral,Neutral,0.6,0.3,0.1,0.0,-0.001256,0.010527
2024-02-05,Neutral,1.0,Neutral,Neutral,0.6,0.3,0.1,0.0,-0.008794,-0.003641
2024-02-06,Neutral,1.0,Neutral,Neutral,0.6,0.3,0.1,0.0,0.005197,0.002903
2024-02-07,Neutral,1.0,Neutral,Neutral,0.6,0.3,0.1,0.0,0.003526,0.00834
2024-02-08,Neutral,1.0,Neutral,Neutral,0.6,0.3,0.1,0.0,-0.00157,0.000442
2024-02-09,Neutral,1.0,Neutral,Neutral,0.6,0.3,0.1,0.0,0.002474,0.005779
2024-02-12,Neutral,1.0,Neutral,Neutral,0.6,0.3,0.1,0.0,-0.000173,-0.000439
2024-02-13,Neutral,1.0,Neutral,Neutral,0.6,0.3,0.1,0.0,-0.014783,-0.013773
2024-02-14,Neutral,1.0,Neutral,Neutral,0.6,0.3,0.1,0.0,0.00692,0.009088
2024-02-15,Neutral,1.0,Neutral,Neutral,0.6,0.3,0.1,0.0,0.006364,0.0069
2024-02-16,Neutral,1.0,Neutral,Neutral,0.6,0.3,0.1,0.0,-0.004358,-0.00498
2024-02-20,Neutral,1.0,Neutral,Neutral,0.6,0.3,0.1,0.0,-0.002438,-0.005505
2024-02-21,Neutral,1.0,Neutral,Neutral,0.6,0.3,0.1,0.0,-0.001584,0.000906
2024-02-22,Neutral,1.0,Neutral,Neutral,0.6,0.3,0.1,0.0,0.013924,0.020695
2024-02-23,Neutral,1.0,Neutral,Neutral,0.6,0.3,0.1,0.0,0.004995,0.00069
2024-02-26,Neutral,1.0,Neutral,Neutral,0.6,0.3,0.1,0.0,-0.003315,-0.003662
2024-02-27,Neutral,1.0,Neutral,Neutral,0.6,0.3,0.1,0.0,-0.001107,0.001858
2024-02-28,Neutral,1.0,Neutral,Neutral,0.6,0.3,0.1,0.0,0.001293,-0.001322
2024-02-29,Neutral,1.0,Neutral,Neutral,0.6,0.3,0.1,0.0,0.004789,0.003595
2024-03-01,Neutral,1.0,Neutral,Neutral,0.6,0.3,0.1,0.0,0.009393,0.009388
2024-03-04,Neutral,1.0,Neutral,Neutral,0.6,0.3,0.1,0.0,-0.000233,-0.001072
2024-03-05,Neutral,1.0,Neutral,Neutral,0.6,0.3,0.1,0.0,-0.001122,-0.009994
2024-03-06,Neutral,1.0,Neutral,Neutral,0.6,0.3,0.1,0.0,0.005622,0.005067
2024-03-07,Neutral,1.0,Neutral,Neutral,0.6,0.3,0.1,0.0,0.006243,0.009926
2024-03-08,Neutral,1.0,Neutral,Neutral,0.6,0.3,0.1,0.0,-0.003288,-0.006002
2024-03-11,Neutral,1.0,Neutral,Neutral,0.6,0.3,0.1,0.0,-0.000489,-0.00086
2024-03-12,Neutral,1.0,Neutral,Neutral,0.6,0.3,0.1,0.0,0.002852,0.010757
2024-03-13,Neutral,1.0,Neutral,Neutral,0.6,0.3,0.1,0.0,-0.001694,-0.001567
2024-03-14,Neutral,1.0,Neutral,Neutral,0.6,0.3,0.1,0.0,-0.006211,-0.001977
2024-03-15,Neutral,1.0,Neutral,Neutral,0.6,0.3,0.1,0.0,-0.004536,-0.006867
2024-03-18,Neutral,1.0,Neutral,Neutral,0.6,0.3,0.1,0.0,0.002822,0.005943
2024-03-19,Neutral,1.0,Neutral,Neutral,0.6,0.3,0.1,0.0,0.004061,0.005557
2024-03-20,Neutral,1.0,Neutral,Neutral,0.6,0.3,0.1,0.0,0.006644,0.009249
2024-03-21,Neutral,0.9995,Neutral,Neutral,0.6,0.3,0.1,0.0,0.002525,0.003305
2024-03-22,Neutral,0.9998,Neutral,Neutral,0.6,0.3,0.1,0.0,0.000929,-0.001896
2024-03-25,Neutral,0.9997,Neutral,Neutral,0.6,0.3,0.1,0.0,-0.002838,-0.002763
2024-03-26,Neutral,0.9997,Neutral,Neutral,0.6,0.3,0.1,0.0,4.9e-05,-0.001847
2024-03-27,Neutral,0.9999,Neutral,Low-Vol,0.6,0.3,0.1,0.0,0.008742,0.008404
2024-03-28,Neutral,0.9999,Neutral,Low-Vol,0.6,0.3,0.1,0.0,0.000922,-0.000191
2024-04-01,Neutral,1.0,Neutral,Low-Vol,0.6,0.3,0.1,0.0,-0.005615,-0.00174
2024-04-02,Neutral,1.0,Neutral,Low-Vol,0.6,0.3,0.1,0.0,-0.003991,-0.006358
2024-04-03,Neutral,1.0,Neutral,Low-Vol,0.6,0.3,0.1,0.0,0.001471,0.001098
2024-04-04,Neutral,1.0,Neutral,Neutral,0.6,0.3,0.1,0.0,-0.005745,-0.012206
2024-04-05,Neutral,1.0,Neutral,Neutral,0.6,0.3,0.1,0.0,0.003804,0.010447
2024-04-08,Neutral,1.0,Neutral,Neutral,0.6,0.3,0.1,0.0,0.000926,0.00056
2024-04-09,Neutral,1.0,Neutral,Neutral,0.6,0.3,0.1,0.0,0.004034,0.001157
2024-04-10,Neutral,1.0,Neutral,Neutral,0.6,0.3,0.1,0.0,-0.013492,-0.010013
2024-04-11,Neutral,1.0,Neutral,Neutral,0.6,0.3,0.1,0.0,0.005108,0.007547
2024-04-12,Neutral,0.9999,Neutral,Neutral,0.6,0.3,0.1,0.0,-0.008002,-0.013803
2024-04-15,Neutral,0.9984,Neutral,Neutral,0.6,0.3,0.1,0.0,-0.010297,-0.012528
2024-04-16,Neutral,0.9999,Neutral,Neutral,0.6,0.3,0.1,0.0,-0.002963,-0.001824
2024-04-17,Neutral,1.0,Neutral,Neutral,0.6,0.3,0.1,0.0,-0.000958,-0.005918
2024-04-18,Neutral,1.0,Neutral,Neutral,0.6,0.3,0.1,0.0,-0.002405,-0.002058
2024-04-19,Neutral,0.9999,Neutral,Neutral,0.6,0.3,0.1,0.0,-0.003843,-0.008728
2024-04-22,Neutral,1.0,Neutral,Neutral,0.6,0.3,0.1,0.0,0.002551,0.009209
2024-04-23,Neutral,1.0,Neutral,Neutral,0.6,0.3,0.1,0.0,0.006975,0.011867
2024-04-24,Neutral,1.0,Neutral,Neutral,0.6,0.3,0.1,0.0,-0.002594,-0.000475
2024-04-25,Neutral,1.0,Neutral,Neutral,0.6,0.3,0.1,0.0,-0.003787,-0.003799
2024-04-26,Neutral,1.0,Neutral,Neutral,0.6,0.3,0.1,0.0,0.007581,0.009474
2024-04-29,Neutral,1.0,Neutral,Neutral,0.6,0.3,0.1,0.0,0.004438,0.003542
2024-04-30,Neutral,1.0,Neutral,Neutral,0.6,0.3,0.1,0.0,-0.014061,-0.015841
2024-05-01,Neutral,1.0,Neutral,Neutral,0.6,0.3,0.1,0.0,0.001169,-0.003247
2024-05-02,Neutral,1.0,Neutral,Neutral,0.6,0.3,0.1,0.0,0.006591,0.009353
2024-05-03,Neutral,1.0,Neutral,Neutral,0.6,0.3,0.1,0.0,0.010393,0.012395
2024-05-06,Neutral,1.0,Neutral,Neutral,0.6,0.3,0.1,0.0,0.008417,0.010327
2024-05-07,Neutral,1.0,Neutral,Neutral,0.6,0.3,0.1,0.0,0.002032,0.001103
2024-05-08,Neutral,1.0,Neutral,Neutral,0.6,0.3,0.1,0.0,-0.002054,9.7e-05
2024-05-09,Neutral,1.0,Neutral,Neutral,0.6,0.3,0.1,0.0,0.006499,0.005762
2024-05-10,Neutral,1.0,Neutral,Neutral,0.6,0.3,0.1,0.0,-0.000104,0.001288
2024-05-13,Neutral,1.0,Neutral,Neutral,0.6,0.3,0.1,0.0,-0.000274,0.000134
2024-05-14,Neutral,1.0,Neutral,Neutral,0.6,0.3,0.1,0.0,0.005293,0.004588
2024-05-15,Neutral,1.0,Neutral,Neutral,0.6,0.3,0.1,0.0,0.012808,0.012383
2024-05-16,Neutral,1.0,Neutral,Neutral,0.6,0.3,0.1,0.0,-0.001917,-0.002058
2024-05-17,Neutral,1.0,Neutral,Neutral,0.6,0.3,0.1,0.0,0.000491,0.001438
2024-05-20,Neutral,1.0,Neutral,Neutral,0.6,0.3,0.1,0.0,0.000207,0.001152
2024-05-21,Neutral,1.0,Neutral,Neutral,0.6,0.3,0.1,0.0,0.002872,0.002453
2024-05-22,Neutral,1.0,Neutral,Neutral,0.6,0.3,0.1,0.0,-0.003205,-0.002879
2024-05-23,Neutral,1.0,Neutral,Neutral,0.6,0.3,0.1,0.0,-0.008307,-0.007304
2024-05-24,Neutral,1.0,Neutral,Neutral,0.6,0.3,0.1,0.0,0.004952,0.006617
2024-05-28,Neutral,1.0,Neutral,Neutral,0.6,0.3,0.1,0.0,-0.00283,0.000699
2024-05-29,Neutral,1.0,Neutral,Neutral,0.6,0.3,0.1,0.0,-0.008763,-0.007003
2024-05-30,Neutral,1.0,Neutral,Neutral,0.6,0.3,0.1,0.0,-0.000891,-0.006634
2024-05-31,Neutral,1.0,Neutral,Neutral,0.6,0.3,0.1,0.0,0.006915,0.009108
2024-06-03,Neutral,1.0,Neutral,Neutral,0.6,0.3,0.1,0.0,0.006233,0.000815
2024-06-04,Neutral,0.9999,Neutral,Neutral,0.6,0.3,0.1,0.0,0.003277,0.001118
2024-06-05,Neutral,1.0,Neutral,Neutral,0.6,0.3,0.1,0.0,0.010517,0.011885
2024-06-06,Neutral,0.9998,Neutral,Neutral,0.6,0.3,0.1,0.0,0.000278,-1.8e-05
2024-06-07,Neutral,1.0,Neutral,Neutral,0.6,0.3,0.1,0.0,-0.009802,-0.001216
2024-06-10,Neutral,0.9998,Neutral,Neutral,0.6,0.3,0.1,0.0,0.000771,0.00309
2024-06-11,Neutral,0.9998,Neutral,Neutral,0.6,0.3,0.1,0.0,0.004833,0.002408
2024-06-12,Neutral,0.9996,Neutral,Neutral,0.6,0.3,0.1,0.0,0.007448,0.008213
2024-06-13,Neutral,0.9987,Neutral,Neutral,0.6,0.3,0.1,0.0,0.004803,0.002014
2024-06-14,Neutral,0.9989,Neutral,Neutral,0.6,0.3,0.1,0.0,0.004185,0.000608
2024-06-17,Neutral,0.9989,Neutral,Neutral,0.6,0.3,0.1,0.0,0.001277,0.007959
2024-06-18,Neutral,0.9974,Neutral,Low-Vol,0.6,0.3,0.1,0.0,0.004678,0.002541
2024-06-20,Neutral,0.9988,Neutral,Low-Vol,0.6,0.3,0.1,0.0,-0.00238,-0.002717
2024-06-21,Neutral,0.9928,Neutral,Low-Vol,0.6,0.3,0.1,0.0,-0.002354,-0.001341
2024-06-24,Neutral,0.8458,Neutral,Low-Vol,0.6,0.3,0.1,0.0,-0.000341,-0.003251
2024-06-25,Low-Vol,0.541,Neutral,Low-Vol,0.6,0.3,0.1,0.0,0.002323,0.003851
2024-06-26,Low-Vol,0.7228,Neutral,Low-Vol,0.6,0.3,0.1,0.0,-0.00446,0.001248
2024-06-27,Low-Vol,0.9603,Low-Vol,Low-Vol,0.7,0.2,0.1,0.0,0.002992,0.001577
2024-06-28,Low-Vol,0.9748,Low-Vol,Low-Vol,0.7,0.2,0.1,0.0,-0.006466,-0.003935
2024-07-01,Low-Vol,0.9953,Low-Vol,Low-Vol,0.7,0.2,0.1,0.0,-0.001751,0.002058
2024-07-02,Low-Vol,0.9992,Low-Vol,Low-Vol,0.7,0.2,0.1,0.0,0.006263,0.00673
2024-07-03,Low-Vol,0.9991,Low-Vol,Low-Vol,0.7,0.2,0.1,0.0,0.006878,0.004463
2024-07-05,Low-Vol,0.9981,Low-Vol,Low-Vol,0.7,0.2,0.1,0.0,0.007041,0.005767
2024-07-08,Low-Vol,0.9957,Low-Vol,Low-Vol,0.7,0.2,0.1,0.0,-0.0,0.001154
2024-07-09,Low-Vol,0.9784,Low-Vol,Low-Vol,0.7,0.2,0.1,0.0,-3.4e-05,0.000972
2024-07-10,Low-Vol,0.6927,Low-Vol,Low-Vol,0.7,0.2,0.1,0.0,0.007921,0.009895
2024-07-11,Neutral,0.6444,Low-Vol,Low-Vol,0.7,0.2,0.1,0.0,-0.002319,-0.008623
2024-07-12,Neutral,0.6424,Low-Vol,Low-Vol,0.7,0.2,0.1,0.0,0.005208,0.006307
2024-07-15,Neutral,0.7553,Neutral,Low-Vol,0.6,0.3,0.1,0.0,-0.001516,0.00275
2024-07-16,Neutral,0.9869,Neutral,Low-Vol,0.6,0.3,0.1,0.0,0.009783,0.00593
2024-07-17,Neutral,1.0,Neutral,Low-Vol,0.6,0.3,0.1,0.0,-0.008813,-0.014021
2024-07-18,Neutral,1.0,Neutral,Low-Vol,0.6,0.3,0.1,0.0,-0.007542,-0.007685
2024-07-19,Neutral,1.0,Neutral,Neutral,0.6,0.3,0.1,0.0,-0.007544,-0.006641
2024-07-22,Neutral,1.0,Neutral,Neutral,0.6,0.3,0.1,0.0,0.005346,0.01031
2024-07-23,Neutral,1.0,Neutral,Neutral,0.6,0.3,0.1,0.0,-0.00101,-0.001569
2024-07-24,Neutral,0.9998,Neutral,Neutral,0.6,0.3,0.1,0.0,-0.01719,-0.022662
2024-07-25,Neutral,1.0,Neutral,Neutral,0.6,0.3,0.1,0.0,-0.002232,-0.00521
2024-07-26,Neutral,1.0,Neutral,Neutral,0.6,0.3,0.1,0.0,0.010114,0.0112
2024-07-29,Neutral,1.0,Neutral,Neutral,0.6,0.3,0.1,0.0,0.001825,0.000588
2024-07-30,Neutral,1.0,Neutral,Neutral,0.6,0.3,0.1,0.0,-0.000886,-0.005066
2024-07-31,Neutral,0.9981,Neutral,Neutral,0.6,0.3,0.1,0.0,0.014632,0.016254
2024-08-01,Neutral,0.7486,Neutral,Neutral,0.6,0.3,0.1,0.0,-0.006253,-0.014161
2024-08-02,Macro,1.0,Neutral,Neutral,0.6,0.3,0.1,0.0,-0.002013,-0.018618
2024-08-05,Macro,1.0,Neutral,Neutral,0.6,0.3,0.1,0.0,-0.017156,-0.029124
2024-08-06,Macro,1.0,Macro,Neutral,0.1,0.2,0.3,0.4,-0.006112,0.00922
2024-08-07,Macro,1.0,Macro,Macro,0.1,0.2,0.3,0.4,-0.00228,-0.006684
2024-08-08,Macro,1.0,Macro,Macro,0.1,0.2,0.3,0.4,0.005788,0.023117
2024-08-09,Macro,1.0,Macro,Macro,0.1,0.2,0.3,0.4,0.00315,0.00441
2024-08-12,Macro,1.0,Macro,Bull,0.1,0.2,0.3,0.4,0.005923,0.000525
2024-08-13,Macro,1.0,Macro,Bull,0.1,0.2,0.3,0.4,0.002572,0.016446
2024-08-14,Macro,1.0,Macro,Bull,0.1,0.2,0.3,0.4,-0.000877,0.003155
2024-08-15,Macro,1.0,Macro,Bull,0.1,0.2,0.3,0.4,0.001042,0.01714
2024-08-16,Macro,1.0,Macro,Bull,0.1,0.2,0.3,0.4,0.007641,0.002242
2024-08-19,Macro,1.0,Macro,Bull,0.1,0.2,0.3,0.4,0.001388,0.009561
2024-08-20,Macro,1.0,Macro,Bull,0.1,0.2,0.3,0.4,0.002532,-0.001626
2024-08-21,Macro,1.0,Macro,Bull,0.1,0.2,0.3,0.4,6.5e-05,0.003437
2024-08-22,Macro,1.0,Macro,Bull,0.1,0.2,0.3,0.4,-0.006363,-0.007849
2024-08-23,Macro,1.0,Macro,Bull,0.1,0.2,0.3,0.4,0.005838,0.010625
2024-08-26,Macro,1.0,Macro,Bull,0.1,0.2,0.3,0.4,0.00021,-0.002384
2024-08-27,Macro,1.0,Macro,Bull,0.1,0.2,0.3,0.4,0.000603,0.001373
2024-08-28,Macro,1.0,Macro,Bull,0.1,0.2,0.3,0.4,-0.002934,-0.005805
2024-08-29,Macro,1.0,Macro,Bull,0.1,0.2,0.3,0.4,0.000908,8.9e-05
2024-08-30,Macro,0.9997,Macro,Bull,0.1,0.2,0.3,0.4,-0.003316,0.009546
2024-09-03,Macro,1.0,Macro,Bull,0.1,0.2,0.3,0.4,-8.4e-05,-0.020579
2024-09-04,Macro,1.0,Macro,Bull,0.1,0.2,0.3,0.4,0.002556,-0.002047
2024-09-05,Macro,1.0,Macro,Bull,0.1,0.2,0.3,0.4,0.003388,-0.002432
2024-09-06,Macro,1.0,Macro,Bull,0.1,0.2,0.3,0.4,-0.003924,-0.01683
2024-09-09,Macro,1.0,Macro,Bull,0.1,0.2,0.3,0.4,0.003245,0.011196
2024-09-10,Macro,1.0,Macro,Bull,0.1,0.2,0.3,0.4,0.003157,0.004356
2024-09-11,Macro,0.9997,Macro,Bull,0.1,0.2,0.3,0.4,0.00039,0.010259
2024-09-12,Macro,0.998,Macro,Bull,0.1,0.2,0.3,0.4,0.005178,0.008423
2024-09-13,Macro,0.9825,Macro,Bull,0.1,0.2,0.3,0.4,0.004045,0.005223
2024-09-16,Macro,0.9686,Macro,Bull,0.1,0.2,0.3,0.4,0.001955,0.001477
2024-09-17,Macro,0.9653,Macro,Neutral,0.1,0.2,0.3,0.4,-0.002586,0.000408
2024-09-18,Macro,0.9683,Macro,Neutral,0.1,0.2,0.3,0.4,-0.005089,-0.002966
2024-09-19,Macro,0.9631,Macro,Neutral,0.1,0.2,0.3,0.4,0.005706,0.017064
2024-09-20,Bull,0.7011,Macro,Neutral,0.1,0.2,0.3,0.4,0.002875,-0.001729
2024-09-23,Bull,0.9802,Macro,Neutral,0.1,0.2,0.3,0.4,0.000407,0.002499
2024-09-24,Bull,0.9964,Bull,Neutral,1.0,0.0,0.0,0.0,0.002581,0.002861
2024-09-25,Bull,0.9963,Bull,Neutral,1.0,0.0,0.0,0.0,-0.002206,-0.002206
2024-09-26,Bull,0.9922,Bull,Neutral,1.0,0.0,0.0,0.0,0.003965,0.003965
2024-09-27,Bull,0.9487,Bull,Neutral,1.0,0.0,0.0,0.0,-0.00145,-0.00145
2024-09-30,Bull,0.7875,Bull,Neutral,1.0,0.0,0.0,0.0,0.004007,0.004007
2024-10-01,Macro,0.9881,Bull,Neutral,1.0,0.0,0.0,0.0,-0.008959,-0.008959
2024-10-02,Macro,0.9919,Bull,Neutral,1.0,0.0,0.0,0.0,0.000422,0.000422
2024-10-03,Macro,0.9997,Macro,Neutral,0.1,0.2,0.3,0.4,-0.002555,-0.001828
2024-10-04,Macro,0.9992,Macro,Neutral,0.1,0.2,0.3,0.4,-0.00215,0.009087
2024-10-07,Macro,1.0,Macro,Neutral,0.1,0.2,0.3,0.4,-0.003427,-0.00904
2024-10-08,Macro,1.0,Macro,Neutral,0.1,0.2,0.3,0.4,-0.000928,0.009457
2024-10-09,Macro,1.0,Macro,Neutral,0.1,0.2,0.3,0.4,-0.002078,0.006926
2024-10-10,Macro,1.0,Macro,Neutral,0.1,0.2,0.3,0.4,0.001244,-0.00175
2024-10-11,Macro,1.0,Macro,Neutral,0.1,0.2,0.3,0.4,0.003065,0.005988
2024-10-14,Macro,0.9998,Macro,Neutral,0.1,0.2,0.3,0.4,0.000478,0.008178
2024-10-15,Macro,1.0,Macro,Neutral,0.1,0.2,0.3,0.4,0.002695,-0.00777
2024-10-16,Macro,0.994,Macro,Neutral,0.1,0.2,0.3,0.4,0.002778,0.004346
2024-10-17,Macro,0.9214,Macro,Neutral,0.1,0.2,0.3,0.4,-0.001363,8.6e-05
2024-10-18,Macro,0.8027,Macro,Neutral,0.1,0.2,0.3,0.4,0.003719,0.003846
2024-10-21,Macro,0.7759,Macro,Neutral,0.1,0.2,0.3,0.4,-0.003718,-0.001642
2024-10-22,Macro,0.7937,Macro,Neutral,0.1,0.2,0.3,0.4,0.003378,-0.000531
2024-10-23,Macro,0.9086,Macro,Neutral,0.1,0.2,0.3,0.4,-0.005071,-0.009137
2024-10-24,Macro,0.9551,Macro,Neutral,0.1,0.2,0.3,0.4,0.003806,0.002163
2024-10-25,Macro,0.9973,Macro,Neutral,0.1,0.2,0.3,0.4,-0.00054,-0.000345
2024-10-28,Macro,0.9987,Macro,Neutral,0.1,0.2,0.3,0.4,-0.000222,0.003091
2024-10-29,Macro,0.9984,Macro,Neutral,0.1,0.2,0.3,0.4,0.003735,0.001618
2024-10-30,Macro,0.9998,Macro,Neutral,0.1,0.2,0.3,0.4,0.001936,-0.003025
2024-10-31,Macro,1.0,Macro,Neutral,0.1,0.2,0.3,0.4,-0.006284,-0.019603
2024-11-01,Macro,1.0,Macro,Neutral,0.1,0.2,0.3,0.4,-0.003628,0.004221
2024-11-04,Macro,1.0,Macro,Bull,0.1,0.2,0.3,0.4,0.003317,-0.002154
2024-11-05,Macro,1.0,Macro,Bull,0.1,0.2,0.3,0.4,0.002948,0.012092
2024-11-06,Macro,0.9996,Macro,Bull,0.1,0.2,0.3,0.4,-0.012107,0.024866
2024-11-07,Macro,0.7849,Macro,Bull,0.1,0.2,0.3,0.4,0.008102,0.007732
2024-11-08,Bull,0.3913,Macro,Bull,0.1,0.2,0.3,0.4,0.000943,0.004332
2024-11-11,Neutral,0.4874,Macro,Bull,0.1,0.2,0.3,0.4,-0.007919,0.000953
2024-11-12,Neutral,0.8492,Macro,Neutral,0.1,0.2,0.3,0.4,-0.005899,-0.003107
2024-11-13,Neutral,0.9257,Neutral,Neutral,0.6,0.3,0.1,0.0,-0.003722,0.000486
2024-11-14,Neutral,0.9651,Neutral,Neutral,0.6,0.3,0.1,0.0,-0.002382,-0.00643
2024-11-15,Neutral,0.9929,Neutral,Neutral,0.6,0.3,0.1,0.0,-0.00866,-0.012809
2024-11-18,Neutral,0.9946,Neutral,Neutral,0.6,0.3,0.1,0.0,0.004893,0.004097
2024-11-19,Neutral,0.9964,Neutral,Neutral,0.6,0.3,0.1,0.0,0.004618,0.003655
2024-11-20,Neutral,0.996,Neutral,Neutral,0.6,0.3,0.1,0.0,-0.000193,0.000339
2024-11-21,Neutral,0.9959,Neutral,Neutral,0.6,0.3,0.1,0.0,0.003823,0.005368
2024-11-22,Neutral,0.9963,Neutral,Neutral,0.6,0.3,0.1,0.0,0.003315,0.003099
2024-11-25,Neutral,0.9979,Neutral,Neutral,0.6,0.3,0.1,0.0,0.006856,0.003392
2024-11-26,Neutral,0.9981,Neutral,Neutral,0.6,0.3,0.1,0.0,0.002162,0.005222
2024-11-27,Neutral,0.998,Neutral,Neutral,0.6,0.3,0.1,0.0,0.000483,-0.00303
2024-11-29,Neutral,0.9971,Neutral,Neutral,0.6,0.3,0.1,0.0,0.007686,0.006212
2024-12-02,Neutral,0.9973,Neutral,Neutral,0.6,0.3,0.1,0.0,0.000921,0.001792
2024-12-03,Neutral,0.999,Neutral,Neutral,0.6,0.3,0.1,0.0,-0.002109,0.000464
2024-12-04,Neutral,0.9996,Neutral,Neutral,0.6,0.3,0.1,0.0,0.007253,0.006209
2024-12-05,Neutral,0.9992,Neutral,Neutral,0.6,0.3,0.1,0.0,-0.001121,-0.001646
2024-12-06,Neutral,0.9967,Neutral,Neutral,0.6,0.3,0.1,0.0,0.00162,0.001896
2024-12-09,Neutral,0.9999,Neutral,Neutral,0.6,0.3,0.1,0.0,-0.004863,-0.00515
2024-12-10,Neutral,1.0,Neutral,Neutral,0.6,0.3,0.1,0.0,-0.00196,-0.003109
2024-12-11,Neutral,0.9999,Neutral,Low-Vol,0.6,0.3,0.1,0.0,0.002755,0.007731
2024-12-12,Neutral,1.0,Neutral,Low-Vol,0.6,0.3,0.1,0.0,-0.008202,-0.005153
2024-12-13,Neutral,1.0,Neutral,Low-Vol,0.6,0.3,0.1,0.0,-0.004391,-0.000199
2024-12-16,Neutral,0.9999,Neutral,Low-Vol,0.6,0.3,0.1,0.0,0.003702,0.00427
2024-12-17,Neutral,1.0,Neutral,Low-Vol,0.6,0.3,0.1,0.0,-0.002126,-0.00412
2024-12-18,Macro,1.0,Neutral,Low-Vol,0.6,0.3,0.1,0.0,-0.023552,-0.029803
2024-12-19,Macro,1.0,Neutral,Low-Vol,0.6,0.3,0.1,0.0,-0.004585,-0.000307
2024-12-20,Neutral,0.9328,Neutral,Low-Vol,0.6,0.3,0.1,0.0,0.009958,0.012011
2024-12-23,Neutral,1.0,Neutral,Low-Vol,0.6,0.3,0.1,0.0,0.00037,0.005988
2024-12-24,Neutral,1.0,Neutral,Low-Vol,0.6,0.3,0.1,0.0,0.008137,0.011115
2024-12-26,Neutral,1.0,Neutral,Neutral,0.6,0.3,0.1,0.0,0.000544,6.7e-05
2024-12-27,Neutral,1.0,Neutral,Neutral,0.6,0.3,0.1,0.0,-0.009463,-0.010527
2024-12-30,Neutral,0.9997,Neutral,Neutral,0.6,0.3,0.1,0.0,-0.004755,-0.011411
